
state 0
	$accept: .Input $end 

	IDENT  shift 13
	NUMBER  shift 17
	STRING  shift 20
	BOOL  shift 19
	NIL  shift 21
	IF  shift 10
	FOR  shift 9
	CONST  shift 14
	EXIT  shift 18
	SWITCH  shift 11
	FUNCTION  shift 16
	BREAK  shift 12
	'-'  shift 7
	'!'  shift 6
	'['  shift 23
	'{'  shift 8
	'('  shift 22
	.  error

	Input  goto 1
	Expr  goto 2
	Ident  goto 3
	Var  goto 4
	ArrIndex  goto 5
	Primary  goto 15
	Acc  goto 24

state 1
	$accept:  Input.$end 

	$end  accept
	.  error


state 2
	Input:  Expr.    (1)
	Expr:  Expr.'+' Expr 
	Expr:  Expr.'-' Expr 
	Expr:  Expr.'*' Expr 
	Expr:  Expr.'/' Expr 
	Expr:  Expr.'^' Expr 
	Expr:  Expr.'&' Expr 
	Expr:  Expr.'|' Expr 
	Expr:  Expr.EQ Expr 
	Expr:  Expr.EQT Expr 
	Expr:  Expr.NOTEQT Expr 
	Expr:  Expr.'%' Expr 
	Expr:  Expr.';' Expr 
	Expr:  Expr.';' 
	Expr:  Expr.AND Expr 
	Expr:  Expr.OR Expr 
	Expr:  Expr.NOTEQ Expr 
	Expr:  Expr.GT Expr 
	Expr:  Expr.GTE Expr 
	Expr:  Expr.LT Expr 
	Expr:  Expr.LTE Expr 
	Expr:  Expr.ORR Expr 
	Expr:  Expr.AS Ident 
	Expr:  Expr.ADDADD 
	Expr:  Expr.SUBSUB 
	Expr:  Expr.VARIADIC 
	Expr:  Expr.'?' Expr ':' Expr 
	Expr:  Expr.NONIL 
	Expr:  Expr.'@' 
	Expr:  Expr.LAMB '{' Expr '}' 
	Expr:  Expr.IN Expr 
	Var:  Expr.ACC Ident 
	Var:  Expr.ACC ArrIndex 
	Acc:  Expr.ACC Expr 
	Primary:  Expr.'[' SliceN ':' SliceN ']' 
	ArrIndex:  Expr.'[' Expr ']' 

	EQ  shift 32
	AND  shift 37
	OR  shift 38
	NOTEQ  shift 39
	GT  shift 40
	GTE  shift 41
	LT  shift 42
	LTE  shift 43
	ORR  shift 44
	ACC  shift 54
	IN  shift 53
	LAMB  shift 52
	VARIADIC  shift 48
	AS  shift 45
	';'  shift 36
	'?'  shift 49
	EQT  shift 33
	NOTEQT  shift 34
	ADDADD  shift 46
	SUBSUB  shift 47
	'+'  shift 25
	'-'  shift 26
	'*'  shift 27
	'/'  shift 28
	'%'  shift 35
	'&'  shift 30
	'|'  shift 31
	'^'  shift 29
	'@'  shift 51
	NONIL  shift 50
	'['  shift 55
	.  reduce 1 (src line 41)


state 3
	Expr:  Ident.'=' Expr 
	Expr:  Ident.ADDEQ Expr 
	Expr:  Ident.SUBEQ Expr 
	Expr:  Ident.MULEQ Expr 
	Expr:  Ident.DIVEQ Expr 
	Expr:  Ident.    (61)
	Primary:  Ident.'(' ArgListOpt ')' 

	ADDEQ  shift 57
	SUBEQ  shift 58
	MULEQ  shift 59
	DIVEQ  shift 60
	'='  shift 56
	'('  shift 61
	.  reduce 61 (src line 111)


state 4
	Expr:  Var.'=' Expr 
	Expr:  Var.ADDEQ Expr 
	Expr:  Var.SUBEQ Expr 
	Expr:  Var.MULEQ Expr 
	Expr:  Var.DIVEQ Expr 

	ADDEQ  shift 63
	SUBEQ  shift 64
	MULEQ  shift 65
	DIVEQ  shift 66
	'='  shift 62
	.  error


state 5
	Expr:  ArrIndex.'=' Expr 
	Expr:  ArrIndex.ADDEQ Expr 
	Expr:  ArrIndex.SUBEQ Expr 
	Expr:  ArrIndex.MULEQ Expr 
	Expr:  ArrIndex.DIVEQ Expr 
	Primary:  ArrIndex.    (92)

	ADDEQ  shift 68
	SUBEQ  shift 69
	MULEQ  shift 70
	DIVEQ  shift 71
	'='  shift 67
	.  reduce 92 (src line 165)


state 6
	Expr:  '!'.Expr 

	IDENT  shift 13
	NUMBER  shift 17
	STRING  shift 20
	BOOL  shift 19
	NIL  shift 21
	IF  shift 10
	FOR  shift 9
	CONST  shift 14
	EXIT  shift 18
	SWITCH  shift 11
	FUNCTION  shift 16
	BREAK  shift 12
	'-'  shift 7
	'!'  shift 6
	'['  shift 23
	'{'  shift 8
	'('  shift 22
	.  error

	Expr  goto 72
	Ident  goto 3
	Var  goto 4
	ArrIndex  goto 5
	Primary  goto 15
	Acc  goto 24

state 7
	Expr:  '-'.Expr 

	IDENT  shift 13
	NUMBER  shift 17
	STRING  shift 20
	BOOL  shift 19
	NIL  shift 21
	IF  shift 10
	FOR  shift 9
	CONST  shift 14
	EXIT  shift 18
	SWITCH  shift 11
	FUNCTION  shift 16
	BREAK  shift 12
	'-'  shift 7
	'!'  shift 6
	'['  shift 23
	'{'  shift 8
	'('  shift 22
	.  error

	Expr  goto 73
	Ident  goto 3
	Var  goto 4
	ArrIndex  goto 5
	Primary  goto 15
	Acc  goto 24

state 8
	Expr:  '{'.Ids '}' LAMB Expr 
	Primary:  '{'.KvsOpt '}' 
	KvsOpt: .    (98)

	IDENT  shift 78
	STRING  shift 80
	.  reduce 98 (src line 181)

	Ident  goto 76
	Ids  goto 74
	KvsOpt  goto 75
	Kvs  goto 77
	Kv  goto 79

state 9
	Expr:  FOR.IDENT ',' IDENT IN Expr DO Expr END 
	Expr:  FOR.IDENT IN Expr DO Expr END 

	IDENT  shift 81
	.  error


state 10
	Expr:  IF.Expr THEN EExpr END 
	Expr:  IF.Expr THEN EExpr ELSE EExpr END 
	Expr:  IF.Expr THEN EExpr Elseifs END 
	Expr:  IF.Expr THEN EExpr Elseifs ELSE EExpr END 

	IDENT  shift 13
	NUMBER  shift 17
	STRING  shift 20
	BOOL  shift 19
	NIL  shift 21
	IF  shift 10
	FOR  shift 9
	CONST  shift 14
	EXIT  shift 18
	SWITCH  shift 11
	FUNCTION  shift 16
	BREAK  shift 12
	'-'  shift 7
	'!'  shift 6
	'['  shift 23
	'{'  shift 8
	'('  shift 22
	.  error

	Expr  goto 82
	Ident  goto 3
	Var  goto 4
	ArrIndex  goto 5
	Primary  goto 15
	Acc  goto 24

state 11
	Expr:  SWITCH.Expr Cases END 
	Expr:  SWITCH.Expr Cases DEFAULT ':' EExpr END 

	IDENT  shift 13
	NUMBER  shift 17
	STRING  shift 20
	BOOL  shift 19
	NIL  shift 21
	IF  shift 10
	FOR  shift 9
	CONST  shift 14
	EXIT  shift 18
	SWITCH  shift 11
	FUNCTION  shift 16
	BREAK  shift 12
	'-'  shift 7
	'!'  shift 6
	'['  shift 23
	'{'  shift 8
	'('  shift 22
	.  error

	Expr  goto 83
	Ident  goto 3
	Var  goto 4
	ArrIndex  goto 5
	Primary  goto 15
	Acc  goto 24

state 12
	Expr:  BREAK.    (57)

	.  reduce 57 (src line 102)


state 13
	Expr:  IDENT.LAMB Expr 
	Ident:  IDENT.    (83)

	LAMB  shift 84
	.  reduce 83 (src line 153)


state 14
	Expr:  CONST.Expr 

	IDENT  shift 13
	NUMBER  shift 17
	STRING  shift 20
	BOOL  shift 19
	NIL  shift 21
	IF  shift 10
	FOR  shift 9
	CONST  shift 14
	EXIT  shift 18
	SWITCH  shift 11
	FUNCTION  shift 16
	BREAK  shift 12
	'-'  shift 7
	'!'  shift 6
	'['  shift 23
	'{'  shift 8
	'('  shift 22
	.  error

	Expr  goto 85
	Ident  goto 3
	Var  goto 4
	ArrIndex  goto 5
	Primary  goto 15
	Acc  goto 24

state 15
	Expr:  Primary.    (62)

	.  reduce 62 (src line 112)


state 16
	Expr:  FUNCTION.Ident '(' Idss ')' EExpr END 
	Expr:  FUNCTION.'(' Idss ')' EExpr END 

	IDENT  shift 88
	'('  shift 87
	.  error

	Ident  goto 86

state 17
	Expr:  NUMBER.'~' NUMBER 
	Primary:  NUMBER.    (84)

	'~'  shift 89
	.  reduce 84 (src line 156)


state 18
	Expr:  EXIT.Expr 

	IDENT  shift 13
	NUMBER  shift 17
	STRING  shift 20
	BOOL  shift 19
	NIL  shift 21
	IF  shift 10
	FOR  shift 9
	CONST  shift 14
	EXIT  shift 18
	SWITCH  shift 11
	FUNCTION  shift 16
	BREAK  shift 12
	'-'  shift 7
	'!'  shift 6
	'['  shift 23
	'{'  shift 8
	'('  shift 22
	.  error

	Expr  goto 90
	Ident  goto 3
	Var  goto 4
	ArrIndex  goto 5
	Primary  goto 15
	Acc  goto 24

state 19
	Primary:  BOOL.    (85)

	.  reduce 85 (src line 158)


state 20
	Primary:  STRING.    (86)

	.  reduce 86 (src line 159)


state 21
	Primary:  NIL.    (87)

	.  reduce 87 (src line 160)


state 22
	Primary:  '('.Expr ')' 

	IDENT  shift 13
	NUMBER  shift 17
	STRING  shift 20
	BOOL  shift 19
	NIL  shift 21
	IF  shift 10
	FOR  shift 9
	CONST  shift 14
	EXIT  shift 18
	SWITCH  shift 11
	FUNCTION  shift 16
	BREAK  shift 12
	'-'  shift 7
	'!'  shift 6
	'['  shift 23
	'{'  shift 8
	'('  shift 22
	.  error

	Expr  goto 91
	Ident  goto 3
	Var  goto 4
	ArrIndex  goto 5
	Primary  goto 15
	Acc  goto 24

state 23
	Primary:  '['.ArgListOpt ']' 
	ArgListOpt: .    (105)

	IDENT  shift 13
	NUMBER  shift 17
	STRING  shift 20
	BOOL  shift 19
	NIL  shift 21
	IF  shift 10
	FOR  shift 9
	CONST  shift 14
	EXIT  shift 18
	SWITCH  shift 11
	FUNCTION  shift 16
	BREAK  shift 12
	'-'  shift 7
	'!'  shift 6
	'['  shift 23
	'{'  shift 8
	'('  shift 22
	.  reduce 105 (src line 195)

	Expr  goto 94
	Ident  goto 3
	Var  goto 4
	ArrIndex  goto 5
	Primary  goto 15
	ArgList  goto 93
	Acc  goto 24
	ArgListOpt  goto 92

state 24
	Primary:  Acc.    (93)

	.  reduce 93 (src line 166)


state 25
	Expr:  Expr '+'.Expr 

	IDENT  shift 13
	NUMBER  shift 17
	STRING  shift 20
	BOOL  shift 19
	NIL  shift 21
	IF  shift 10
	FOR  shift 9
	CONST  shift 14
	EXIT  shift 18
	SWITCH  shift 11
	FUNCTION  shift 16
	BREAK  shift 12
	'-'  shift 7
	'!'  shift 6
	'['  shift 23
	'{'  shift 8
	'('  shift 22
	.  error

	Expr  goto 95
	Ident  goto 3
	Var  goto 4
	ArrIndex  goto 5
	Primary  goto 15
	Acc  goto 24

state 26
	Expr:  Expr '-'.Expr 

	IDENT  shift 13
	NUMBER  shift 17
	STRING  shift 20
	BOOL  shift 19
	NIL  shift 21
	IF  shift 10
	FOR  shift 9
	CONST  shift 14
	EXIT  shift 18
	SWITCH  shift 11
	FUNCTION  shift 16
	BREAK  shift 12
	'-'  shift 7
	'!'  shift 6
	'['  shift 23
	'{'  shift 8
	'('  shift 22
	.  error

	Expr  goto 96
	Ident  goto 3
	Var  goto 4
	ArrIndex  goto 5
	Primary  goto 15
	Acc  goto 24

state 27
	Expr:  Expr '*'.Expr 

	IDENT  shift 13
	NUMBER  shift 17
	STRING  shift 20
	BOOL  shift 19
	NIL  shift 21
	IF  shift 10
	FOR  shift 9
	CONST  shift 14
	EXIT  shift 18
	SWITCH  shift 11
	FUNCTION  shift 16
	BREAK  shift 12
	'-'  shift 7
	'!'  shift 6
	'['  shift 23
	'{'  shift 8
	'('  shift 22
	.  error

	Expr  goto 97
	Ident  goto 3
	Var  goto 4
	ArrIndex  goto 5
	Primary  goto 15
	Acc  goto 24

state 28
	Expr:  Expr '/'.Expr 

	IDENT  shift 13
	NUMBER  shift 17
	STRING  shift 20
	BOOL  shift 19
	NIL  shift 21
	IF  shift 10
	FOR  shift 9
	CONST  shift 14
	EXIT  shift 18
	SWITCH  shift 11
	FUNCTION  shift 16
	BREAK  shift 12
	'-'  shift 7
	'!'  shift 6
	'['  shift 23
	'{'  shift 8
	'('  shift 22
	.  error

	Expr  goto 98
	Ident  goto 3
	Var  goto 4
	ArrIndex  goto 5
	Primary  goto 15
	Acc  goto 24

state 29
	Expr:  Expr '^'.Expr 

	IDENT  shift 13
	NUMBER  shift 17
	STRING  shift 20
	BOOL  shift 19
	NIL  shift 21
	IF  shift 10
	FOR  shift 9
	CONST  shift 14
	EXIT  shift 18
	SWITCH  shift 11
	FUNCTION  shift 16
	BREAK  shift 12
	'-'  shift 7
	'!'  shift 6
	'['  shift 23
	'{'  shift 8
	'('  shift 22
	.  error

	Expr  goto 99
	Ident  goto 3
	Var  goto 4
	ArrIndex  goto 5
	Primary  goto 15
	Acc  goto 24

state 30
	Expr:  Expr '&'.Expr 

	IDENT  shift 13
	NUMBER  shift 17
	STRING  shift 20
	BOOL  shift 19
	NIL  shift 21
	IF  shift 10
	FOR  shift 9
	CONST  shift 14
	EXIT  shift 18
	SWITCH  shift 11
	FUNCTION  shift 16
	BREAK  shift 12
	'-'  shift 7
	'!'  shift 6
	'['  shift 23
	'{'  shift 8
	'('  shift 22
	.  error

	Expr  goto 100
	Ident  goto 3
	Var  goto 4
	ArrIndex  goto 5
	Primary  goto 15
	Acc  goto 24

state 31
	Expr:  Expr '|'.Expr 

	IDENT  shift 13
	NUMBER  shift 17
	STRING  shift 20
	BOOL  shift 19
	NIL  shift 21
	IF  shift 10
	FOR  shift 9
	CONST  shift 14
	EXIT  shift 18
	SWITCH  shift 11
	FUNCTION  shift 16
	BREAK  shift 12
	'-'  shift 7
	'!'  shift 6
	'['  shift 23
	'{'  shift 8
	'('  shift 22
	.  error

	Expr  goto 101
	Ident  goto 3
	Var  goto 4
	ArrIndex  goto 5
	Primary  goto 15
	Acc  goto 24

state 32
	Expr:  Expr EQ.Expr 

	IDENT  shift 13
	NUMBER  shift 17
	STRING  shift 20
	BOOL  shift 19
	NIL  shift 21
	IF  shift 10
	FOR  shift 9
	CONST  shift 14
	EXIT  shift 18
	SWITCH  shift 11
	FUNCTION  shift 16
	BREAK  shift 12
	'-'  shift 7
	'!'  shift 6
	'['  shift 23
	'{'  shift 8
	'('  shift 22
	.  error

	Expr  goto 102
	Ident  goto 3
	Var  goto 4
	ArrIndex  goto 5
	Primary  goto 15
	Acc  goto 24

state 33
	Expr:  Expr EQT.Expr 

	IDENT  shift 13
	NUMBER  shift 17
	STRING  shift 20
	BOOL  shift 19
	NIL  shift 21
	IF  shift 10
	FOR  shift 9
	CONST  shift 14
	EXIT  shift 18
	SWITCH  shift 11
	FUNCTION  shift 16
	BREAK  shift 12
	'-'  shift 7
	'!'  shift 6
	'['  shift 23
	'{'  shift 8
	'('  shift 22
	.  error

	Expr  goto 103
	Ident  goto 3
	Var  goto 4
	ArrIndex  goto 5
	Primary  goto 15
	Acc  goto 24

state 34
	Expr:  Expr NOTEQT.Expr 

	IDENT  shift 13
	NUMBER  shift 17
	STRING  shift 20
	BOOL  shift 19
	NIL  shift 21
	IF  shift 10
	FOR  shift 9
	CONST  shift 14
	EXIT  shift 18
	SWITCH  shift 11
	FUNCTION  shift 16
	BREAK  shift 12
	'-'  shift 7
	'!'  shift 6
	'['  shift 23
	'{'  shift 8
	'('  shift 22
	.  error

	Expr  goto 104
	Ident  goto 3
	Var  goto 4
	ArrIndex  goto 5
	Primary  goto 15
	Acc  goto 24

state 35
	Expr:  Expr '%'.Expr 

	IDENT  shift 13
	NUMBER  shift 17
	STRING  shift 20
	BOOL  shift 19
	NIL  shift 21
	IF  shift 10
	FOR  shift 9
	CONST  shift 14
	EXIT  shift 18
	SWITCH  shift 11
	FUNCTION  shift 16
	BREAK  shift 12
	'-'  shift 7
	'!'  shift 6
	'['  shift 23
	'{'  shift 8
	'('  shift 22
	.  error

	Expr  goto 105
	Ident  goto 3
	Var  goto 4
	ArrIndex  goto 5
	Primary  goto 15
	Acc  goto 24

state 36
	Expr:  Expr ';'.Expr 
	Expr:  Expr ';'.    (14)

	IDENT  shift 13
	NUMBER  shift 17
	STRING  shift 20
	BOOL  shift 19
	NIL  shift 21
	IF  shift 10
	FOR  shift 9
	CONST  shift 14
	EXIT  shift 18
	SWITCH  shift 11
	FUNCTION  shift 16
	BREAK  shift 12
	'-'  shift 7
	'!'  shift 6
	'['  shift 23
	'{'  shift 8
	'('  shift 22
	.  reduce 14 (src line 58)

	Expr  goto 106
	Ident  goto 3
	Var  goto 4
	ArrIndex  goto 5
	Primary  goto 15
	Acc  goto 24

state 37
	Expr:  Expr AND.Expr 

	IDENT  shift 13
	NUMBER  shift 17
	STRING  shift 20
	BOOL  shift 19
	NIL  shift 21
	IF  shift 10
	FOR  shift 9
	CONST  shift 14
	EXIT  shift 18
	SWITCH  shift 11
	FUNCTION  shift 16
	BREAK  shift 12
	'-'  shift 7
	'!'  shift 6
	'['  shift 23
	'{'  shift 8
	'('  shift 22
	.  error

	Expr  goto 107
	Ident  goto 3
	Var  goto 4
	ArrIndex  goto 5
	Primary  goto 15
	Acc  goto 24

state 38
	Expr:  Expr OR.Expr 

	IDENT  shift 13
	NUMBER  shift 17
	STRING  shift 20
	BOOL  shift 19
	NIL  shift 21
	IF  shift 10
	FOR  shift 9
	CONST  shift 14
	EXIT  shift 18
	SWITCH  shift 11
	FUNCTION  shift 16
	BREAK  shift 12
	'-'  shift 7
	'!'  shift 6
	'['  shift 23
	'{'  shift 8
	'('  shift 22
	.  error

	Expr  goto 108
	Ident  goto 3
	Var  goto 4
	ArrIndex  goto 5
	Primary  goto 15
	Acc  goto 24

state 39
	Expr:  Expr NOTEQ.Expr 

	IDENT  shift 13
	NUMBER  shift 17
	STRING  shift 20
	BOOL  shift 19
	NIL  shift 21
	IF  shift 10
	FOR  shift 9
	CONST  shift 14
	EXIT  shift 18
	SWITCH  shift 11
	FUNCTION  shift 16
	BREAK  shift 12
	'-'  shift 7
	'!'  shift 6
	'['  shift 23
	'{'  shift 8
	'('  shift 22
	.  error

	Expr  goto 109
	Ident  goto 3
	Var  goto 4
	ArrIndex  goto 5
	Primary  goto 15
	Acc  goto 24

state 40
	Expr:  Expr GT.Expr 

	IDENT  shift 13
	NUMBER  shift 17
	STRING  shift 20
	BOOL  shift 19
	NIL  shift 21
	IF  shift 10
	FOR  shift 9
	CONST  shift 14
	EXIT  shift 18
	SWITCH  shift 11
	FUNCTION  shift 16
	BREAK  shift 12
	'-'  shift 7
	'!'  shift 6
	'['  shift 23
	'{'  shift 8
	'('  shift 22
	.  error

	Expr  goto 110
	Ident  goto 3
	Var  goto 4
	ArrIndex  goto 5
	Primary  goto 15
	Acc  goto 24

state 41
	Expr:  Expr GTE.Expr 

	IDENT  shift 13
	NUMBER  shift 17
	STRING  shift 20
	BOOL  shift 19
	NIL  shift 21
	IF  shift 10
	FOR  shift 9
	CONST  shift 14
	EXIT  shift 18
	SWITCH  shift 11
	FUNCTION  shift 16
	BREAK  shift 12
	'-'  shift 7
	'!'  shift 6
	'['  shift 23
	'{'  shift 8
	'('  shift 22
	.  error

	Expr  goto 111
	Ident  goto 3
	Var  goto 4
	ArrIndex  goto 5
	Primary  goto 15
	Acc  goto 24

state 42
	Expr:  Expr LT.Expr 

	IDENT  shift 13
	NUMBER  shift 17
	STRING  shift 20
	BOOL  shift 19
	NIL  shift 21
	IF  shift 10
	FOR  shift 9
	CONST  shift 14
	EXIT  shift 18
	SWITCH  shift 11
	FUNCTION  shift 16
	BREAK  shift 12
	'-'  shift 7
	'!'  shift 6
	'['  shift 23
	'{'  shift 8
	'('  shift 22
	.  error

	Expr  goto 112
	Ident  goto 3
	Var  goto 4
	ArrIndex  goto 5
	Primary  goto 15
	Acc  goto 24

state 43
	Expr:  Expr LTE.Expr 

	IDENT  shift 13
	NUMBER  shift 17
	STRING  shift 20
	BOOL  shift 19
	NIL  shift 21
	IF  shift 10
	FOR  shift 9
	CONST  shift 14
	EXIT  shift 18
	SWITCH  shift 11
	FUNCTION  shift 16
	BREAK  shift 12
	'-'  shift 7
	'!'  shift 6
	'['  shift 23
	'{'  shift 8
	'('  shift 22
	.  error

	Expr  goto 113
	Ident  goto 3
	Var  goto 4
	ArrIndex  goto 5
	Primary  goto 15
	Acc  goto 24

state 44
	Expr:  Expr ORR.Expr 

	IDENT  shift 13
	NUMBER  shift 17
	STRING  shift 20
	BOOL  shift 19
	NIL  shift 21
	IF  shift 10
	FOR  shift 9
	CONST  shift 14
	EXIT  shift 18
	SWITCH  shift 11
	FUNCTION  shift 16
	BREAK  shift 12
	'-'  shift 7
	'!'  shift 6
	'['  shift 23
	'{'  shift 8
	'('  shift 22
	.  error

	Expr  goto 114
	Ident  goto 3
	Var  goto 4
	ArrIndex  goto 5
	Primary  goto 15
	Acc  goto 24

state 45
	Expr:  Expr AS.Ident 

	IDENT  shift 88
	.  error

	Ident  goto 115

state 46
	Expr:  Expr ADDADD.    (40)

	.  reduce 40 (src line 85)


state 47
	Expr:  Expr SUBSUB.    (41)

	.  reduce 41 (src line 86)


state 48
	Expr:  Expr VARIADIC.    (42)

	.  reduce 42 (src line 87)


state 49
	Expr:  Expr '?'.Expr ':' Expr 

	IDENT  shift 13
	NUMBER  shift 17
	STRING  shift 20
	BOOL  shift 19
	NIL  shift 21
	IF  shift 10
	FOR  shift 9
	CONST  shift 14
	EXIT  shift 18
	SWITCH  shift 11
	FUNCTION  shift 16
	BREAK  shift 12
	'-'  shift 7
	'!'  shift 6
	'['  shift 23
	'{'  shift 8
	'('  shift 22
	.  error

	Expr  goto 116
	Ident  goto 3
	Var  goto 4
	ArrIndex  goto 5
	Primary  goto 15
	Acc  goto 24

state 50
	Expr:  Expr NONIL.    (45)

	.  reduce 45 (src line 90)


state 51
	Expr:  Expr '@'.    (46)

	.  reduce 46 (src line 91)


state 52
	Expr:  Expr LAMB.'{' Expr '}' 

	'{'  shift 117
	.  error


state 53
	Expr:  Expr IN.Expr 

	IDENT  shift 13
	NUMBER  shift 17
	STRING  shift 20
	BOOL  shift 19
	NIL  shift 21
	IF  shift 10
	FOR  shift 9
	CONST  shift 14
	EXIT  shift 18
	SWITCH  shift 11
	FUNCTION  shift 16
	BREAK  shift 12
	'-'  shift 7
	'!'  shift 6
	'['  shift 23
	'{'  shift 8
	'('  shift 22
	.  error

	Expr  goto 118
	Ident  goto 3
	Var  goto 4
	ArrIndex  goto 5
	Primary  goto 15
	Acc  goto 24

state 54
	Var:  Expr ACC.Ident 
	Var:  Expr ACC.ArrIndex 
	Acc:  Expr ACC.Expr 

	IDENT  shift 13
	NUMBER  shift 17
	STRING  shift 20
	BOOL  shift 19
	NIL  shift 21
	IF  shift 10
	FOR  shift 9
	CONST  shift 14
	EXIT  shift 18
	SWITCH  shift 11
	FUNCTION  shift 16
	BREAK  shift 12
	'-'  shift 7
	'!'  shift 6
	'['  shift 23
	'{'  shift 8
	'('  shift 22
	.  error

	Expr  goto 121
	Ident  goto 119
	Var  goto 4
	ArrIndex  goto 120
	Primary  goto 15
	Acc  goto 24

state 55
	Primary:  Expr '['.SliceN ':' SliceN ']' 
	ArrIndex:  Expr '['.Expr ']' 
	SliceN: .    (95)

	IDENT  shift 13
	NUMBER  shift 17
	STRING  shift 20
	BOOL  shift 19
	NIL  shift 21
	IF  shift 10
	FOR  shift 9
	CONST  shift 14
	EXIT  shift 18
	SWITCH  shift 11
	FUNCTION  shift 16
	BREAK  shift 12
	'-'  shift 7
	'!'  shift 6
	'['  shift 23
	'{'  shift 8
	'('  shift 22
	.  reduce 95 (src line 174)

	Expr  goto 123
	Ident  goto 3
	Var  goto 4
	ArrIndex  goto 5
	Primary  goto 15
	Acc  goto 24
	SliceN  goto 122

state 56
	Expr:  Ident '='.Expr 

	IDENT  shift 13
	NUMBER  shift 17
	STRING  shift 20
	BOOL  shift 19
	NIL  shift 21
	IF  shift 10
	FOR  shift 9
	CONST  shift 14
	EXIT  shift 18
	SWITCH  shift 11
	FUNCTION  shift 16
	BREAK  shift 12
	'-'  shift 7
	'!'  shift 6
	'['  shift 23
	'{'  shift 8
	'('  shift 22
	.  error

	Expr  goto 124
	Ident  goto 3
	Var  goto 4
	ArrIndex  goto 5
	Primary  goto 15
	Acc  goto 24

state 57
	Expr:  Ident ADDEQ.Expr 

	IDENT  shift 13
	NUMBER  shift 17
	STRING  shift 20
	BOOL  shift 19
	NIL  shift 21
	IF  shift 10
	FOR  shift 9
	CONST  shift 14
	EXIT  shift 18
	SWITCH  shift 11
	FUNCTION  shift 16
	BREAK  shift 12
	'-'  shift 7
	'!'  shift 6
	'['  shift 23
	'{'  shift 8
	'('  shift 22
	.  error

	Expr  goto 125
	Ident  goto 3
	Var  goto 4
	ArrIndex  goto 5
	Primary  goto 15
	Acc  goto 24

state 58
	Expr:  Ident SUBEQ.Expr 

	IDENT  shift 13
	NUMBER  shift 17
	STRING  shift 20
	BOOL  shift 19
	NIL  shift 21
	IF  shift 10
	FOR  shift 9
	CONST  shift 14
	EXIT  shift 18
	SWITCH  shift 11
	FUNCTION  shift 16
	BREAK  shift 12
	'-'  shift 7
	'!'  shift 6
	'['  shift 23
	'{'  shift 8
	'('  shift 22
	.  error

	Expr  goto 126
	Ident  goto 3
	Var  goto 4
	ArrIndex  goto 5
	Primary  goto 15
	Acc  goto 24

state 59
	Expr:  Ident MULEQ.Expr 

	IDENT  shift 13
	NUMBER  shift 17
	STRING  shift 20
	BOOL  shift 19
	NIL  shift 21
	IF  shift 10
	FOR  shift 9
	CONST  shift 14
	EXIT  shift 18
	SWITCH  shift 11
	FUNCTION  shift 16
	BREAK  shift 12
	'-'  shift 7
	'!'  shift 6
	'['  shift 23
	'{'  shift 8
	'('  shift 22
	.  error

	Expr  goto 127
	Ident  goto 3
	Var  goto 4
	ArrIndex  goto 5
	Primary  goto 15
	Acc  goto 24

state 60
	Expr:  Ident DIVEQ.Expr 

	IDENT  shift 13
	NUMBER  shift 17
	STRING  shift 20
	BOOL  shift 19
	NIL  shift 21
	IF  shift 10
	FOR  shift 9
	CONST  shift 14
	EXIT  shift 18
	SWITCH  shift 11
	FUNCTION  shift 16
	BREAK  shift 12
	'-'  shift 7
	'!'  shift 6
	'['  shift 23
	'{'  shift 8
	'('  shift 22
	.  error

	Expr  goto 128
	Ident  goto 3
	Var  goto 4
	ArrIndex  goto 5
	Primary  goto 15
	Acc  goto 24

state 61
	Primary:  Ident '('.ArgListOpt ')' 
	ArgListOpt: .    (105)

	IDENT  shift 13
	NUMBER  shift 17
	STRING  shift 20
	BOOL  shift 19
	NIL  shift 21
	IF  shift 10
	FOR  shift 9
	CONST  shift 14
	EXIT  shift 18
	SWITCH  shift 11
	FUNCTION  shift 16
	BREAK  shift 12
	'-'  shift 7
	'!'  shift 6
	'['  shift 23
	'{'  shift 8
	'('  shift 22
	.  reduce 105 (src line 195)

	Expr  goto 94
	Ident  goto 3
	Var  goto 4
	ArrIndex  goto 5
	Primary  goto 15
	ArgList  goto 93
	Acc  goto 24
	ArgListOpt  goto 129

state 62
	Expr:  Var '='.Expr 

	IDENT  shift 13
	NUMBER  shift 17
	STRING  shift 20
	BOOL  shift 19
	NIL  shift 21
	IF  shift 10
	FOR  shift 9
	CONST  shift 14
	EXIT  shift 18
	SWITCH  shift 11
	FUNCTION  shift 16
	BREAK  shift 12
	'-'  shift 7
	'!'  shift 6
	'['  shift 23
	'{'  shift 8
	'('  shift 22
	.  error

	Expr  goto 130
	Ident  goto 3
	Var  goto 4
	ArrIndex  goto 5
	Primary  goto 15
	Acc  goto 24

state 63
	Expr:  Var ADDEQ.Expr 

	IDENT  shift 13
	NUMBER  shift 17
	STRING  shift 20
	BOOL  shift 19
	NIL  shift 21
	IF  shift 10
	FOR  shift 9
	CONST  shift 14
	EXIT  shift 18
	SWITCH  shift 11
	FUNCTION  shift 16
	BREAK  shift 12
	'-'  shift 7
	'!'  shift 6
	'['  shift 23
	'{'  shift 8
	'('  shift 22
	.  error

	Expr  goto 131
	Ident  goto 3
	Var  goto 4
	ArrIndex  goto 5
	Primary  goto 15
	Acc  goto 24

state 64
	Expr:  Var SUBEQ.Expr 

	IDENT  shift 13
	NUMBER  shift 17
	STRING  shift 20
	BOOL  shift 19
	NIL  shift 21
	IF  shift 10
	FOR  shift 9
	CONST  shift 14
	EXIT  shift 18
	SWITCH  shift 11
	FUNCTION  shift 16
	BREAK  shift 12
	'-'  shift 7
	'!'  shift 6
	'['  shift 23
	'{'  shift 8
	'('  shift 22
	.  error

	Expr  goto 132
	Ident  goto 3
	Var  goto 4
	ArrIndex  goto 5
	Primary  goto 15
	Acc  goto 24

state 65
	Expr:  Var MULEQ.Expr 

	IDENT  shift 13
	NUMBER  shift 17
	STRING  shift 20
	BOOL  shift 19
	NIL  shift 21
	IF  shift 10
	FOR  shift 9
	CONST  shift 14
	EXIT  shift 18
	SWITCH  shift 11
	FUNCTION  shift 16
	BREAK  shift 12
	'-'  shift 7
	'!'  shift 6
	'['  shift 23
	'{'  shift 8
	'('  shift 22
	.  error

	Expr  goto 133
	Ident  goto 3
	Var  goto 4
	ArrIndex  goto 5
	Primary  goto 15
	Acc  goto 24

state 66
	Expr:  Var DIVEQ.Expr 

	IDENT  shift 13
	NUMBER  shift 17
	STRING  shift 20
	BOOL  shift 19
	NIL  shift 21
	IF  shift 10
	FOR  shift 9
	CONST  shift 14
	EXIT  shift 18
	SWITCH  shift 11
	FUNCTION  shift 16
	BREAK  shift 12
	'-'  shift 7
	'!'  shift 6
	'['  shift 23
	'{'  shift 8
	'('  shift 22
	.  error

	Expr  goto 134
	Ident  goto 3
	Var  goto 4
	ArrIndex  goto 5
	Primary  goto 15
	Acc  goto 24

state 67
	Expr:  ArrIndex '='.Expr 

	IDENT  shift 13
	NUMBER  shift 17
	STRING  shift 20
	BOOL  shift 19
	NIL  shift 21
	IF  shift 10
	FOR  shift 9
	CONST  shift 14
	EXIT  shift 18
	SWITCH  shift 11
	FUNCTION  shift 16
	BREAK  shift 12
	'-'  shift 7
	'!'  shift 6
	'['  shift 23
	'{'  shift 8
	'('  shift 22
	.  error

	Expr  goto 135
	Ident  goto 3
	Var  goto 4
	ArrIndex  goto 5
	Primary  goto 15
	Acc  goto 24

state 68
	Expr:  ArrIndex ADDEQ.Expr 

	IDENT  shift 13
	NUMBER  shift 17
	STRING  shift 20
	BOOL  shift 19
	NIL  shift 21
	IF  shift 10
	FOR  shift 9
	CONST  shift 14
	EXIT  shift 18
	SWITCH  shift 11
	FUNCTION  shift 16
	BREAK  shift 12
	'-'  shift 7
	'!'  shift 6
	'['  shift 23
	'{'  shift 8
	'('  shift 22
	.  error

	Expr  goto 136
	Ident  goto 3
	Var  goto 4
	ArrIndex  goto 5
	Primary  goto 15
	Acc  goto 24

state 69
	Expr:  ArrIndex SUBEQ.Expr 

	IDENT  shift 13
	NUMBER  shift 17
	STRING  shift 20
	BOOL  shift 19
	NIL  shift 21
	IF  shift 10
	FOR  shift 9
	CONST  shift 14
	EXIT  shift 18
	SWITCH  shift 11
	FUNCTION  shift 16
	BREAK  shift 12
	'-'  shift 7
	'!'  shift 6
	'['  shift 23
	'{'  shift 8
	'('  shift 22
	.  error

	Expr  goto 137
	Ident  goto 3
	Var  goto 4
	ArrIndex  goto 5
	Primary  goto 15
	Acc  goto 24

state 70
	Expr:  ArrIndex MULEQ.Expr 

	IDENT  shift 13
	NUMBER  shift 17
	STRING  shift 20
	BOOL  shift 19
	NIL  shift 21
	IF  shift 10
	FOR  shift 9
	CONST  shift 14
	EXIT  shift 18
	SWITCH  shift 11
	FUNCTION  shift 16
	BREAK  shift 12
	'-'  shift 7
	'!'  shift 6
	'['  shift 23
	'{'  shift 8
	'('  shift 22
	.  error

	Expr  goto 138
	Ident  goto 3
	Var  goto 4
	ArrIndex  goto 5
	Primary  goto 15
	Acc  goto 24

state 71
	Expr:  ArrIndex DIVEQ.Expr 

	IDENT  shift 13
	NUMBER  shift 17
	STRING  shift 20
	BOOL  shift 19
	NIL  shift 21
	IF  shift 10
	FOR  shift 9
	CONST  shift 14
	EXIT  shift 18
	SWITCH  shift 11
	FUNCTION  shift 16
	BREAK  shift 12
	'-'  shift 7
	'!'  shift 6
	'['  shift 23
	'{'  shift 8
	'('  shift 22
	.  error

	Expr  goto 139
	Ident  goto 3
	Var  goto 4
	ArrIndex  goto 5
	Primary  goto 15
	Acc  goto 24

state 72
	Expr:  Expr.'+' Expr 
	Expr:  Expr.'-' Expr 
	Expr:  Expr.'*' Expr 
	Expr:  Expr.'/' Expr 
	Expr:  Expr.'^' Expr 
	Expr:  Expr.'&' Expr 
	Expr:  Expr.'|' Expr 
	Expr:  Expr.EQ Expr 
	Expr:  Expr.EQT Expr 
	Expr:  Expr.NOTEQT Expr 
	Expr:  Expr.'%' Expr 
	Expr:  Expr.';' Expr 
	Expr:  Expr.';' 
	Expr:  Expr.AND Expr 
	Expr:  Expr.OR Expr 
	Expr:  Expr.NOTEQ Expr 
	Expr:  Expr.GT Expr 
	Expr:  Expr.GTE Expr 
	Expr:  Expr.LT Expr 
	Expr:  Expr.LTE Expr 
	Expr:  Expr.ORR Expr 
	Expr:  Expr.AS Ident 
	Expr:  '!' Expr.    (39)
	Expr:  Expr.ADDADD 
	Expr:  Expr.SUBSUB 
	Expr:  Expr.VARIADIC 
	Expr:  Expr.'?' Expr ':' Expr 
	Expr:  Expr.NONIL 
	Expr:  Expr.'@' 
	Expr:  Expr.LAMB '{' Expr '}' 
	Expr:  Expr.IN Expr 
	Var:  Expr.ACC Ident 
	Var:  Expr.ACC ArrIndex 
	Acc:  Expr.ACC Expr 
	Primary:  Expr.'[' SliceN ':' SliceN ']' 
	ArrIndex:  Expr.'[' Expr ']' 

	ACC  shift 54
	VARIADIC  shift 48
	'^'  shift 29
	'@'  shift 51
	NONIL  shift 50
	'['  shift 55
	.  reduce 39 (src line 84)


state 73
	Expr:  Expr.'+' Expr 
	Expr:  Expr.'-' Expr 
	Expr:  Expr.'*' Expr 
	Expr:  Expr.'/' Expr 
	Expr:  Expr.'^' Expr 
	Expr:  Expr.'&' Expr 
	Expr:  Expr.'|' Expr 
	Expr:  Expr.EQ Expr 
	Expr:  Expr.EQT Expr 
	Expr:  Expr.NOTEQT Expr 
	Expr:  Expr.'%' Expr 
	Expr:  Expr.';' Expr 
	Expr:  Expr.';' 
	Expr:  Expr.AND Expr 
	Expr:  Expr.OR Expr 
	Expr:  Expr.NOTEQ Expr 
	Expr:  Expr.GT Expr 
	Expr:  Expr.GTE Expr 
	Expr:  Expr.LT Expr 
	Expr:  Expr.LTE Expr 
	Expr:  Expr.ORR Expr 
	Expr:  Expr.AS Ident 
	Expr:  Expr.ADDADD 
	Expr:  Expr.SUBSUB 
	Expr:  Expr.VARIADIC 
	Expr:  '-' Expr.    (43)
	Expr:  Expr.'?' Expr ':' Expr 
	Expr:  Expr.NONIL 
	Expr:  Expr.'@' 
	Expr:  Expr.LAMB '{' Expr '}' 
	Expr:  Expr.IN Expr 
	Var:  Expr.ACC Ident 
	Var:  Expr.ACC ArrIndex 
	Acc:  Expr.ACC Expr 
	Primary:  Expr.'[' SliceN ':' SliceN ']' 
	ArrIndex:  Expr.'[' Expr ']' 

	.  reduce 43 (src line 88)


state 74
	Expr:  '{' Ids.'}' LAMB Expr 
	Ids:  Ids.',' Ident 

	'}'  shift 140
	','  shift 141
	.  error


state 75
	Primary:  '{' KvsOpt.'}' 

	'}'  shift 142
	.  error


state 76
	Ids:  Ident.    (75)

	.  reduce 75 (src line 138)


state 77
	KvsOpt:  Kvs.    (99)
	Kvs:  Kvs.',' Kv 
	Kvs:  Kvs.',' 

	','  shift 143
	.  reduce 99 (src line 183)


state 78
	Ident:  IDENT.    (83)
	Kv:  IDENT.':' Expr 

	':'  shift 144
	.  reduce 83 (src line 153)


state 79
	Kvs:  Kv.    (100)

	.  reduce 100 (src line 185)


state 80
	Kv:  STRING.':' Expr 

	':'  shift 145
	.  error


state 81
	Expr:  FOR IDENT.',' IDENT IN Expr DO Expr END 
	Expr:  FOR IDENT.IN Expr DO Expr END 

	IN  shift 147
	','  shift 146
	.  error


state 82
	Expr:  Expr.'+' Expr 
	Expr:  Expr.'-' Expr 
	Expr:  Expr.'*' Expr 
	Expr:  Expr.'/' Expr 
	Expr:  Expr.'^' Expr 
	Expr:  Expr.'&' Expr 
	Expr:  Expr.'|' Expr 
	Expr:  Expr.EQ Expr 
	Expr:  Expr.EQT Expr 
	Expr:  Expr.NOTEQT Expr 
	Expr:  Expr.'%' Expr 
	Expr:  Expr.';' Expr 
	Expr:  Expr.';' 
	Expr:  Expr.AND Expr 
	Expr:  Expr.OR Expr 
	Expr:  Expr.NOTEQ Expr 
	Expr:  Expr.GT Expr 
	Expr:  Expr.GTE Expr 
	Expr:  Expr.LT Expr 
	Expr:  Expr.LTE Expr 
	Expr:  Expr.ORR Expr 
	Expr:  Expr.AS Ident 
	Expr:  Expr.ADDADD 
	Expr:  Expr.SUBSUB 
	Expr:  Expr.VARIADIC 
	Expr:  Expr.'?' Expr ':' Expr 
	Expr:  Expr.NONIL 
	Expr:  Expr.'@' 
	Expr:  Expr.LAMB '{' Expr '}' 
	Expr:  IF Expr.THEN EExpr END 
	Expr:  IF Expr.THEN EExpr ELSE EExpr END 
	Expr:  IF Expr.THEN EExpr Elseifs END 
	Expr:  IF Expr.THEN EExpr Elseifs ELSE EExpr END 
	Expr:  Expr.IN Expr 
	Var:  Expr.ACC Ident 
	Var:  Expr.ACC ArrIndex 
	Acc:  Expr.ACC Expr 
	Primary:  Expr.'[' SliceN ':' SliceN ']' 
	ArrIndex:  Expr.'[' Expr ']' 

	EQ  shift 32
	AND  shift 37
	OR  shift 38
	NOTEQ  shift 39
	GT  shift 40
	GTE  shift 41
	LT  shift 42
	LTE  shift 43
	ORR  shift 44
	ACC  shift 54
	IN  shift 53
	LAMB  shift 52
	VARIADIC  shift 48
	AS  shift 45
	THEN  shift 148
	';'  shift 36
	'?'  shift 49
	EQT  shift 33
	NOTEQT  shift 34
	ADDADD  shift 46
	SUBSUB  shift 47
	'+'  shift 25
	'-'  shift 26
	'*'  shift 27
	'/'  shift 28
	'%'  shift 35
	'&'  shift 30
	'|'  shift 31
	'^'  shift 29
	'@'  shift 51
	NONIL  shift 50
	'['  shift 55
	.  error


state 83
	Expr:  Expr.'+' Expr 
	Expr:  Expr.'-' Expr 
	Expr:  Expr.'*' Expr 
	Expr:  Expr.'/' Expr 
	Expr:  Expr.'^' Expr 
	Expr:  Expr.'&' Expr 
	Expr:  Expr.'|' Expr 
	Expr:  Expr.EQ Expr 
	Expr:  Expr.EQT Expr 
	Expr:  Expr.NOTEQT Expr 
	Expr:  Expr.'%' Expr 
	Expr:  Expr.';' Expr 
	Expr:  Expr.';' 
	Expr:  Expr.AND Expr 
	Expr:  Expr.OR Expr 
	Expr:  Expr.NOTEQ Expr 
	Expr:  Expr.GT Expr 
	Expr:  Expr.GTE Expr 
	Expr:  Expr.LT Expr 
	Expr:  Expr.LTE Expr 
	Expr:  Expr.ORR Expr 
	Expr:  Expr.AS Ident 
	Expr:  Expr.ADDADD 
	Expr:  Expr.SUBSUB 
	Expr:  Expr.VARIADIC 
	Expr:  Expr.'?' Expr ':' Expr 
	Expr:  Expr.NONIL 
	Expr:  Expr.'@' 
	Expr:  Expr.LAMB '{' Expr '}' 
	Expr:  SWITCH Expr.Cases END 
	Expr:  SWITCH Expr.Cases DEFAULT ':' EExpr END 
	Expr:  Expr.IN Expr 
	Var:  Expr.ACC Ident 
	Var:  Expr.ACC ArrIndex 
	Acc:  Expr.ACC Expr 
	Primary:  Expr.'[' SliceN ':' SliceN ']' 
	ArrIndex:  Expr.'[' Expr ']' 

	EQ  shift 32
	AND  shift 37
	OR  shift 38
	NOTEQ  shift 39
	GT  shift 40
	GTE  shift 41
	LT  shift 42
	LTE  shift 43
	ORR  shift 44
	ACC  shift 54
	IN  shift 53
	LAMB  shift 52
	VARIADIC  shift 48
	AS  shift 45
	CASE  shift 151
	';'  shift 36
	'?'  shift 49
	EQT  shift 33
	NOTEQT  shift 34
	ADDADD  shift 46
	SUBSUB  shift 47
	'+'  shift 25
	'-'  shift 26
	'*'  shift 27
	'/'  shift 28
	'%'  shift 35
	'&'  shift 30
	'|'  shift 31
	'^'  shift 29
	'@'  shift 51
	NONIL  shift 50
	'['  shift 55
	.  error

	Cases  goto 149
	Case  goto 150

state 84
	Expr:  IDENT LAMB.Expr 

	IDENT  shift 13
	NUMBER  shift 17
	STRING  shift 20
	BOOL  shift 19
	NIL  shift 21
	IF  shift 10
	FOR  shift 9
	CONST  shift 14
	EXIT  shift 18
	SWITCH  shift 11
	FUNCTION  shift 16
	BREAK  shift 12
	'-'  shift 7
	'!'  shift 6
	'['  shift 23
	'{'  shift 8
	'('  shift 22
	.  error

	Expr  goto 152
	Ident  goto 3
	Var  goto 4
	ArrIndex  goto 5
	Primary  goto 15
	Acc  goto 24

state 85
	Expr:  Expr.'+' Expr 
	Expr:  Expr.'-' Expr 
	Expr:  Expr.'*' Expr 
	Expr:  Expr.'/' Expr 
	Expr:  Expr.'^' Expr 
	Expr:  Expr.'&' Expr 
	Expr:  Expr.'|' Expr 
	Expr:  Expr.EQ Expr 
	Expr:  Expr.EQT Expr 
	Expr:  Expr.NOTEQT Expr 
	Expr:  Expr.'%' Expr 
	Expr:  Expr.';' Expr 
	Expr:  Expr.';' 
	Expr:  Expr.AND Expr 
	Expr:  Expr.OR Expr 
	Expr:  Expr.NOTEQ Expr 
	Expr:  Expr.GT Expr 
	Expr:  Expr.GTE Expr 
	Expr:  Expr.LT Expr 
	Expr:  Expr.LTE Expr 
	Expr:  Expr.ORR Expr 
	Expr:  Expr.AS Ident 
	Expr:  Expr.ADDADD 
	Expr:  Expr.SUBSUB 
	Expr:  Expr.VARIADIC 
	Expr:  Expr.'?' Expr ':' Expr 
	Expr:  Expr.NONIL 
	Expr:  Expr.'@' 
	Expr:  Expr.LAMB '{' Expr '}' 
	Expr:  CONST Expr.    (59)
	Expr:  Expr.IN Expr 
	Var:  Expr.ACC Ident 
	Var:  Expr.ACC ArrIndex 
	Acc:  Expr.ACC Expr 
	Primary:  Expr.'[' SliceN ':' SliceN ']' 
	ArrIndex:  Expr.'[' Expr ']' 

	.  reduce 59 (src line 109)


state 86
	Expr:  FUNCTION Ident.'(' Idss ')' EExpr END 

	'('  shift 153
	.  error


state 87
	Expr:  FUNCTION '('.Idss ')' EExpr END 
	Idss: .    (77)

	IDENT  shift 88
	.  reduce 77 (src line 142)

	Ident  goto 155
	Idss  goto 154

state 88
	Ident:  IDENT.    (83)

	.  reduce 83 (src line 153)


state 89
	Expr:  NUMBER '~'.NUMBER 

	NUMBER  shift 156
	.  error


state 90
	Expr:  Expr.'+' Expr 
	Expr:  Expr.'-' Expr 
	Expr:  Expr.'*' Expr 
	Expr:  Expr.'/' Expr 
	Expr:  Expr.'^' Expr 
	Expr:  Expr.'&' Expr 
	Expr:  Expr.'|' Expr 
	Expr:  Expr.EQ Expr 
	Expr:  Expr.EQT Expr 
	Expr:  Expr.NOTEQT Expr 
	Expr:  Expr.'%' Expr 
	Expr:  Expr.';' Expr 
	Expr:  Expr.';' 
	Expr:  Expr.AND Expr 
	Expr:  Expr.OR Expr 
	Expr:  Expr.NOTEQ Expr 
	Expr:  Expr.GT Expr 
	Expr:  Expr.GTE Expr 
	Expr:  Expr.LT Expr 
	Expr:  Expr.LTE Expr 
	Expr:  Expr.ORR Expr 
	Expr:  Expr.AS Ident 
	Expr:  Expr.ADDADD 
	Expr:  Expr.SUBSUB 
	Expr:  Expr.VARIADIC 
	Expr:  Expr.'?' Expr ':' Expr 
	Expr:  Expr.NONIL 
	Expr:  Expr.'@' 
	Expr:  Expr.LAMB '{' Expr '}' 
	Expr:  Expr.IN Expr 
	Expr:  EXIT Expr.    (66)
	Var:  Expr.ACC Ident 
	Var:  Expr.ACC ArrIndex 
	Acc:  Expr.ACC Expr 
	Primary:  Expr.'[' SliceN ':' SliceN ']' 
	ArrIndex:  Expr.'[' Expr ']' 

	EQ  shift 32
	AND  shift 37
	OR  shift 38
	NOTEQ  shift 39
	GT  shift 40
	GTE  shift 41
	LT  shift 42
	LTE  shift 43
	ORR  shift 44
	ACC  shift 54
	IN  shift 53
	LAMB  shift 52
	VARIADIC  shift 48
	AS  shift 45
	';'  shift 36
	'?'  shift 49
	EQT  shift 33
	NOTEQT  shift 34
	ADDADD  shift 46
	SUBSUB  shift 47
	'+'  shift 25
	'-'  shift 26
	'*'  shift 27
	'/'  shift 28
	'%'  shift 35
	'&'  shift 30
	'|'  shift 31
	'^'  shift 29
	'@'  shift 51
	NONIL  shift 50
	'['  shift 55
	.  reduce 66 (src line 116)


state 91
	Expr:  Expr.'+' Expr 
	Expr:  Expr.'-' Expr 
	Expr:  Expr.'*' Expr 
	Expr:  Expr.'/' Expr 
	Expr:  Expr.'^' Expr 
	Expr:  Expr.'&' Expr 
	Expr:  Expr.'|' Expr 
	Expr:  Expr.EQ Expr 
	Expr:  Expr.EQT Expr 
	Expr:  Expr.NOTEQT Expr 
	Expr:  Expr.'%' Expr 
	Expr:  Expr.';' Expr 
	Expr:  Expr.';' 
	Expr:  Expr.AND Expr 
	Expr:  Expr.OR Expr 
	Expr:  Expr.NOTEQ Expr 
	Expr:  Expr.GT Expr 
	Expr:  Expr.GTE Expr 
	Expr:  Expr.LT Expr 
	Expr:  Expr.LTE Expr 
	Expr:  Expr.ORR Expr 
	Expr:  Expr.AS Ident 
	Expr:  Expr.ADDADD 
	Expr:  Expr.SUBSUB 
	Expr:  Expr.VARIADIC 
	Expr:  Expr.'?' Expr ':' Expr 
	Expr:  Expr.NONIL 
	Expr:  Expr.'@' 
	Expr:  Expr.LAMB '{' Expr '}' 
	Expr:  Expr.IN Expr 
	Var:  Expr.ACC Ident 
	Var:  Expr.ACC ArrIndex 
	Acc:  Expr.ACC Expr 
	Primary:  '(' Expr.')' 
	Primary:  Expr.'[' SliceN ':' SliceN ']' 
	ArrIndex:  Expr.'[' Expr ']' 

	EQ  shift 32
	AND  shift 37
	OR  shift 38
	NOTEQ  shift 39
	GT  shift 40
	GTE  shift 41
	LT  shift 42
	LTE  shift 43
	ORR  shift 44
	ACC  shift 54
	IN  shift 53
	LAMB  shift 52
	VARIADIC  shift 48
	AS  shift 45
	';'  shift 36
	'?'  shift 49
	EQT  shift 33
	NOTEQT  shift 34
	ADDADD  shift 46
	SUBSUB  shift 47
	'+'  shift 25
	'-'  shift 26
	'*'  shift 27
	'/'  shift 28
	'%'  shift 35
	'&'  shift 30
	'|'  shift 31
	'^'  shift 29
	'@'  shift 51
	NONIL  shift 50
	'['  shift 55
	')'  shift 157
	.  error


state 92
	Primary:  '[' ArgListOpt.']' 

	']'  shift 158
	.  error


state 93
	ArgListOpt:  ArgList.    (106)
	ArgList:  ArgList.',' Expr 
	ArgList:  ArgList.',' 

	','  shift 159
	.  reduce 106 (src line 197)


state 94
	Expr:  Expr.'+' Expr 
	Expr:  Expr.'-' Expr 
	Expr:  Expr.'*' Expr 
	Expr:  Expr.'/' Expr 
	Expr:  Expr.'^' Expr 
	Expr:  Expr.'&' Expr 
	Expr:  Expr.'|' Expr 
	Expr:  Expr.EQ Expr 
	Expr:  Expr.EQT Expr 
	Expr:  Expr.NOTEQT Expr 
	Expr:  Expr.'%' Expr 
	Expr:  Expr.';' Expr 
	Expr:  Expr.';' 
	Expr:  Expr.AND Expr 
	Expr:  Expr.OR Expr 
	Expr:  Expr.NOTEQ Expr 
	Expr:  Expr.GT Expr 
	Expr:  Expr.GTE Expr 
	Expr:  Expr.LT Expr 
	Expr:  Expr.LTE Expr 
	Expr:  Expr.ORR Expr 
	Expr:  Expr.AS Ident 
	Expr:  Expr.ADDADD 
	Expr:  Expr.SUBSUB 
	Expr:  Expr.VARIADIC 
	Expr:  Expr.'?' Expr ':' Expr 
	Expr:  Expr.NONIL 
	Expr:  Expr.'@' 
	Expr:  Expr.LAMB '{' Expr '}' 
	Expr:  Expr.IN Expr 
	Var:  Expr.ACC Ident 
	Var:  Expr.ACC ArrIndex 
	Acc:  Expr.ACC Expr 
	Primary:  Expr.'[' SliceN ':' SliceN ']' 
	ArrIndex:  Expr.'[' Expr ']' 
	ArgList:  Expr.    (107)

	EQ  shift 32
	AND  shift 37
	OR  shift 38
	NOTEQ  shift 39
	GT  shift 40
	GTE  shift 41
	LT  shift 42
	LTE  shift 43
	ORR  shift 44
	ACC  shift 54
	IN  shift 53
	LAMB  shift 52
	VARIADIC  shift 48
	AS  shift 45
	';'  shift 36
	'?'  shift 49
	EQT  shift 33
	NOTEQT  shift 34
	ADDADD  shift 46
	SUBSUB  shift 47
	'+'  shift 25
	'-'  shift 26
	'*'  shift 27
	'/'  shift 28
	'%'  shift 35
	'&'  shift 30
	'|'  shift 31
	'^'  shift 29
	'@'  shift 51
	NONIL  shift 50
	'['  shift 55
	.  reduce 107 (src line 200)


state 95
	Expr:  Expr.'+' Expr 
	Expr:  Expr '+' Expr.    (2)
	Expr:  Expr.'-' Expr 
	Expr:  Expr.'*' Expr 
	Expr:  Expr.'/' Expr 
	Expr:  Expr.'^' Expr 
	Expr:  Expr.'&' Expr 
	Expr:  Expr.'|' Expr 
	Expr:  Expr.EQ Expr 
	Expr:  Expr.EQT Expr 
	Expr:  Expr.NOTEQT Expr 
	Expr:  Expr.'%' Expr 
	Expr:  Expr.';' Expr 
	Expr:  Expr.';' 
	Expr:  Expr.AND Expr 
	Expr:  Expr.OR Expr 
	Expr:  Expr.NOTEQ Expr 
	Expr:  Expr.GT Expr 
	Expr:  Expr.GTE Expr 
	Expr:  Expr.LT Expr 
	Expr:  Expr.LTE Expr 
	Expr:  Expr.ORR Expr 
	Expr:  Expr.AS Ident 
	Expr:  Expr.ADDADD 
	Expr:  Expr.SUBSUB 
	Expr:  Expr.VARIADIC 
	Expr:  Expr.'?' Expr ':' Expr 
	Expr:  Expr.NONIL 
	Expr:  Expr.'@' 
	Expr:  Expr.LAMB '{' Expr '}' 
	Expr:  Expr.IN Expr 
	Var:  Expr.ACC Ident 
	Var:  Expr.ACC ArrIndex 
	Acc:  Expr.ACC Expr 
	Primary:  Expr.'[' SliceN ':' SliceN ']' 
	ArrIndex:  Expr.'[' Expr ']' 

	ACC  shift 54
	VARIADIC  shift 48
	'*'  shift 27
	'/'  shift 28
	'%'  shift 35
	'&'  shift 30
	'|'  shift 31
	'^'  shift 29
	'@'  shift 51
	NONIL  shift 50
	'['  shift 55
	.  reduce 2 (src line 45)


state 96
	Expr:  Expr.'+' Expr 
	Expr:  Expr.'-' Expr 
	Expr:  Expr '-' Expr.    (3)
	Expr:  Expr.'*' Expr 
	Expr:  Expr.'/' Expr 
	Expr:  Expr.'^' Expr 
	Expr:  Expr.'&' Expr 
	Expr:  Expr.'|' Expr 
	Expr:  Expr.EQ Expr 
	Expr:  Expr.EQT Expr 
	Expr:  Expr.NOTEQT Expr 
	Expr:  Expr.'%' Expr 
	Expr:  Expr.';' Expr 
	Expr:  Expr.';' 
	Expr:  Expr.AND Expr 
	Expr:  Expr.OR Expr 
	Expr:  Expr.NOTEQ Expr 
	Expr:  Expr.GT Expr 
	Expr:  Expr.GTE Expr 
	Expr:  Expr.LT Expr 
	Expr:  Expr.LTE Expr 
	Expr:  Expr.ORR Expr 
	Expr:  Expr.AS Ident 
	Expr:  Expr.ADDADD 
	Expr:  Expr.SUBSUB 
	Expr:  Expr.VARIADIC 
	Expr:  Expr.'?' Expr ':' Expr 
	Expr:  Expr.NONIL 
	Expr:  Expr.'@' 
	Expr:  Expr.LAMB '{' Expr '}' 
	Expr:  Expr.IN Expr 
	Var:  Expr.ACC Ident 
	Var:  Expr.ACC ArrIndex 
	Acc:  Expr.ACC Expr 
	Primary:  Expr.'[' SliceN ':' SliceN ']' 
	ArrIndex:  Expr.'[' Expr ']' 

	ACC  shift 54
	VARIADIC  shift 48
	'*'  shift 27
	'/'  shift 28
	'%'  shift 35
	'&'  shift 30
	'|'  shift 31
	'^'  shift 29
	'@'  shift 51
	NONIL  shift 50
	'['  shift 55
	.  reduce 3 (src line 47)


state 97
	Expr:  Expr.'+' Expr 
	Expr:  Expr.'-' Expr 
	Expr:  Expr.'*' Expr 
	Expr:  Expr '*' Expr.    (4)
	Expr:  Expr.'/' Expr 
	Expr:  Expr.'^' Expr 
	Expr:  Expr.'&' Expr 
	Expr:  Expr.'|' Expr 
	Expr:  Expr.EQ Expr 
	Expr:  Expr.EQT Expr 
	Expr:  Expr.NOTEQT Expr 
	Expr:  Expr.'%' Expr 
	Expr:  Expr.';' Expr 
	Expr:  Expr.';' 
	Expr:  Expr.AND Expr 
	Expr:  Expr.OR Expr 
	Expr:  Expr.NOTEQ Expr 
	Expr:  Expr.GT Expr 
	Expr:  Expr.GTE Expr 
	Expr:  Expr.LT Expr 
	Expr:  Expr.LTE Expr 
	Expr:  Expr.ORR Expr 
	Expr:  Expr.AS Ident 
	Expr:  Expr.ADDADD 
	Expr:  Expr.SUBSUB 
	Expr:  Expr.VARIADIC 
	Expr:  Expr.'?' Expr ':' Expr 
	Expr:  Expr.NONIL 
	Expr:  Expr.'@' 
	Expr:  Expr.LAMB '{' Expr '}' 
	Expr:  Expr.IN Expr 
	Var:  Expr.ACC Ident 
	Var:  Expr.ACC ArrIndex 
	Acc:  Expr.ACC Expr 
	Primary:  Expr.'[' SliceN ':' SliceN ']' 
	ArrIndex:  Expr.'[' Expr ']' 

	ACC  shift 54
	VARIADIC  shift 48
	'%'  shift 35
	'&'  shift 30
	'|'  shift 31
	'^'  shift 29
	'@'  shift 51
	NONIL  shift 50
	'['  shift 55
	.  reduce 4 (src line 48)


state 98
	Expr:  Expr.'+' Expr 
	Expr:  Expr.'-' Expr 
	Expr:  Expr.'*' Expr 
	Expr:  Expr.'/' Expr 
	Expr:  Expr '/' Expr.    (5)
	Expr:  Expr.'^' Expr 
	Expr:  Expr.'&' Expr 
	Expr:  Expr.'|' Expr 
	Expr:  Expr.EQ Expr 
	Expr:  Expr.EQT Expr 
	Expr:  Expr.NOTEQT Expr 
	Expr:  Expr.'%' Expr 
	Expr:  Expr.';' Expr 
	Expr:  Expr.';' 
	Expr:  Expr.AND Expr 
	Expr:  Expr.OR Expr 
	Expr:  Expr.NOTEQ Expr 
	Expr:  Expr.GT Expr 
	Expr:  Expr.GTE Expr 
	Expr:  Expr.LT Expr 
	Expr:  Expr.LTE Expr 
	Expr:  Expr.ORR Expr 
	Expr:  Expr.AS Ident 
	Expr:  Expr.ADDADD 
	Expr:  Expr.SUBSUB 
	Expr:  Expr.VARIADIC 
	Expr:  Expr.'?' Expr ':' Expr 
	Expr:  Expr.NONIL 
	Expr:  Expr.'@' 
	Expr:  Expr.LAMB '{' Expr '}' 
	Expr:  Expr.IN Expr 
	Var:  Expr.ACC Ident 
	Var:  Expr.ACC ArrIndex 
	Acc:  Expr.ACC Expr 
	Primary:  Expr.'[' SliceN ':' SliceN ']' 
	ArrIndex:  Expr.'[' Expr ']' 

	ACC  shift 54
	VARIADIC  shift 48
	'%'  shift 35
	'&'  shift 30
	'|'  shift 31
	'^'  shift 29
	'@'  shift 51
	NONIL  shift 50
	'['  shift 55
	.  reduce 5 (src line 49)


state 99
	Expr:  Expr.'+' Expr 
	Expr:  Expr.'-' Expr 
	Expr:  Expr.'*' Expr 
	Expr:  Expr.'/' Expr 
	Expr:  Expr.'^' Expr 
	Expr:  Expr '^' Expr.    (6)
	Expr:  Expr.'&' Expr 
	Expr:  Expr.'|' Expr 
	Expr:  Expr.EQ Expr 
	Expr:  Expr.EQT Expr 
	Expr:  Expr.NOTEQT Expr 
	Expr:  Expr.'%' Expr 
	Expr:  Expr.';' Expr 
	Expr:  Expr.';' 
	Expr:  Expr.AND Expr 
	Expr:  Expr.OR Expr 
	Expr:  Expr.NOTEQ Expr 
	Expr:  Expr.GT Expr 
	Expr:  Expr.GTE Expr 
	Expr:  Expr.LT Expr 
	Expr:  Expr.LTE Expr 
	Expr:  Expr.ORR Expr 
	Expr:  Expr.AS Ident 
	Expr:  Expr.ADDADD 
	Expr:  Expr.SUBSUB 
	Expr:  Expr.VARIADIC 
	Expr:  Expr.'?' Expr ':' Expr 
	Expr:  Expr.NONIL 
	Expr:  Expr.'@' 
	Expr:  Expr.LAMB '{' Expr '}' 
	Expr:  Expr.IN Expr 
	Var:  Expr.ACC Ident 
	Var:  Expr.ACC ArrIndex 
	Acc:  Expr.ACC Expr 
	Primary:  Expr.'[' SliceN ':' SliceN ']' 
	ArrIndex:  Expr.'[' Expr ']' 

	ACC  shift 54
	VARIADIC  shift 48
	'^'  shift 29
	'@'  shift 51
	NONIL  shift 50
	'['  shift 55
	.  reduce 6 (src line 50)


state 100
	Expr:  Expr.'+' Expr 
	Expr:  Expr.'-' Expr 
	Expr:  Expr.'*' Expr 
	Expr:  Expr.'/' Expr 
	Expr:  Expr.'^' Expr 
	Expr:  Expr.'&' Expr 
	Expr:  Expr '&' Expr.    (7)
	Expr:  Expr.'|' Expr 
	Expr:  Expr.EQ Expr 
	Expr:  Expr.EQT Expr 
	Expr:  Expr.NOTEQT Expr 
	Expr:  Expr.'%' Expr 
	Expr:  Expr.';' Expr 
	Expr:  Expr.';' 
	Expr:  Expr.AND Expr 
	Expr:  Expr.OR Expr 
	Expr:  Expr.NOTEQ Expr 
	Expr:  Expr.GT Expr 
	Expr:  Expr.GTE Expr 
	Expr:  Expr.LT Expr 
	Expr:  Expr.LTE Expr 
	Expr:  Expr.ORR Expr 
	Expr:  Expr.AS Ident 
	Expr:  Expr.ADDADD 
	Expr:  Expr.SUBSUB 
	Expr:  Expr.VARIADIC 
	Expr:  Expr.'?' Expr ':' Expr 
	Expr:  Expr.NONIL 
	Expr:  Expr.'@' 
	Expr:  Expr.LAMB '{' Expr '}' 
	Expr:  Expr.IN Expr 
	Var:  Expr.ACC Ident 
	Var:  Expr.ACC ArrIndex 
	Acc:  Expr.ACC Expr 
	Primary:  Expr.'[' SliceN ':' SliceN ']' 
	ArrIndex:  Expr.'[' Expr ']' 

	ACC  shift 54
	VARIADIC  shift 48
	'^'  shift 29
	'@'  shift 51
	NONIL  shift 50
	'['  shift 55
	.  reduce 7 (src line 51)


state 101
	Expr:  Expr.'+' Expr 
	Expr:  Expr.'-' Expr 
	Expr:  Expr.'*' Expr 
	Expr:  Expr.'/' Expr 
	Expr:  Expr.'^' Expr 
	Expr:  Expr.'&' Expr 
	Expr:  Expr.'|' Expr 
	Expr:  Expr '|' Expr.    (8)
	Expr:  Expr.EQ Expr 
	Expr:  Expr.EQT Expr 
	Expr:  Expr.NOTEQT Expr 
	Expr:  Expr.'%' Expr 
	Expr:  Expr.';' Expr 
	Expr:  Expr.';' 
	Expr:  Expr.AND Expr 
	Expr:  Expr.OR Expr 
	Expr:  Expr.NOTEQ Expr 
	Expr:  Expr.GT Expr 
	Expr:  Expr.GTE Expr 
	Expr:  Expr.LT Expr 
	Expr:  Expr.LTE Expr 
	Expr:  Expr.ORR Expr 
	Expr:  Expr.AS Ident 
	Expr:  Expr.ADDADD 
	Expr:  Expr.SUBSUB 
	Expr:  Expr.VARIADIC 
	Expr:  Expr.'?' Expr ':' Expr 
	Expr:  Expr.NONIL 
	Expr:  Expr.'@' 
	Expr:  Expr.LAMB '{' Expr '}' 
	Expr:  Expr.IN Expr 
	Var:  Expr.ACC Ident 
	Var:  Expr.ACC ArrIndex 
	Acc:  Expr.ACC Expr 
	Primary:  Expr.'[' SliceN ':' SliceN ']' 
	ArrIndex:  Expr.'[' Expr ']' 

	ACC  shift 54
	VARIADIC  shift 48
	'^'  shift 29
	'@'  shift 51
	NONIL  shift 50
	'['  shift 55
	.  reduce 8 (src line 52)


state 102
	Expr:  Expr.'+' Expr 
	Expr:  Expr.'-' Expr 
	Expr:  Expr.'*' Expr 
	Expr:  Expr.'/' Expr 
	Expr:  Expr.'^' Expr 
	Expr:  Expr.'&' Expr 
	Expr:  Expr.'|' Expr 
	Expr:  Expr.EQ Expr 
	Expr:  Expr EQ Expr.    (9)
	Expr:  Expr.EQT Expr 
	Expr:  Expr.NOTEQT Expr 
	Expr:  Expr.'%' Expr 
	Expr:  Expr.';' Expr 
	Expr:  Expr.';' 
	Expr:  Expr.AND Expr 
	Expr:  Expr.OR Expr 
	Expr:  Expr.NOTEQ Expr 
	Expr:  Expr.GT Expr 
	Expr:  Expr.GTE Expr 
	Expr:  Expr.LT Expr 
	Expr:  Expr.LTE Expr 
	Expr:  Expr.ORR Expr 
	Expr:  Expr.AS Ident 
	Expr:  Expr.ADDADD 
	Expr:  Expr.SUBSUB 
	Expr:  Expr.VARIADIC 
	Expr:  Expr.'?' Expr ':' Expr 
	Expr:  Expr.NONIL 
	Expr:  Expr.'@' 
	Expr:  Expr.LAMB '{' Expr '}' 
	Expr:  Expr.IN Expr 
	Var:  Expr.ACC Ident 
	Var:  Expr.ACC ArrIndex 
	Acc:  Expr.ACC Expr 
	Primary:  Expr.'[' SliceN ':' SliceN ']' 
	ArrIndex:  Expr.'[' Expr ']' 

	ACC  shift 54
	VARIADIC  shift 48
	ADDADD  shift 46
	SUBSUB  shift 47
	'+'  shift 25
	'-'  shift 26
	'*'  shift 27
	'/'  shift 28
	'%'  shift 35
	'&'  shift 30
	'|'  shift 31
	'^'  shift 29
	'@'  shift 51
	NONIL  shift 50
	'['  shift 55
	.  reduce 9 (src line 53)


state 103
	Expr:  Expr.'+' Expr 
	Expr:  Expr.'-' Expr 
	Expr:  Expr.'*' Expr 
	Expr:  Expr.'/' Expr 
	Expr:  Expr.'^' Expr 
	Expr:  Expr.'&' Expr 
	Expr:  Expr.'|' Expr 
	Expr:  Expr.EQ Expr 
	Expr:  Expr.EQT Expr 
	Expr:  Expr EQT Expr.    (10)
	Expr:  Expr.NOTEQT Expr 
	Expr:  Expr.'%' Expr 
	Expr:  Expr.';' Expr 
	Expr:  Expr.';' 
	Expr:  Expr.AND Expr 
	Expr:  Expr.OR Expr 
	Expr:  Expr.NOTEQ Expr 
	Expr:  Expr.GT Expr 
	Expr:  Expr.GTE Expr 
	Expr:  Expr.LT Expr 
	Expr:  Expr.LTE Expr 
	Expr:  Expr.ORR Expr 
	Expr:  Expr.AS Ident 
	Expr:  Expr.ADDADD 
	Expr:  Expr.SUBSUB 
	Expr:  Expr.VARIADIC 
	Expr:  Expr.'?' Expr ':' Expr 
	Expr:  Expr.NONIL 
	Expr:  Expr.'@' 
	Expr:  Expr.LAMB '{' Expr '}' 
	Expr:  Expr.IN Expr 
	Var:  Expr.ACC Ident 
	Var:  Expr.ACC ArrIndex 
	Acc:  Expr.ACC Expr 
	Primary:  Expr.'[' SliceN ':' SliceN ']' 
	ArrIndex:  Expr.'[' Expr ']' 

	ACC  shift 54
	VARIADIC  shift 48
	ADDADD  shift 46
	SUBSUB  shift 47
	'+'  shift 25
	'-'  shift 26
	'*'  shift 27
	'/'  shift 28
	'%'  shift 35
	'&'  shift 30
	'|'  shift 31
	'^'  shift 29
	'@'  shift 51
	NONIL  shift 50
	'['  shift 55
	.  reduce 10 (src line 54)


state 104
	Expr:  Expr.'+' Expr 
	Expr:  Expr.'-' Expr 
	Expr:  Expr.'*' Expr 
	Expr:  Expr.'/' Expr 
	Expr:  Expr.'^' Expr 
	Expr:  Expr.'&' Expr 
	Expr:  Expr.'|' Expr 
	Expr:  Expr.EQ Expr 
	Expr:  Expr.EQT Expr 
	Expr:  Expr.NOTEQT Expr 
	Expr:  Expr NOTEQT Expr.    (11)
	Expr:  Expr.'%' Expr 
	Expr:  Expr.';' Expr 
	Expr:  Expr.';' 
	Expr:  Expr.AND Expr 
	Expr:  Expr.OR Expr 
	Expr:  Expr.NOTEQ Expr 
	Expr:  Expr.GT Expr 
	Expr:  Expr.GTE Expr 
	Expr:  Expr.LT Expr 
	Expr:  Expr.LTE Expr 
	Expr:  Expr.ORR Expr 
	Expr:  Expr.AS Ident 
	Expr:  Expr.ADDADD 
	Expr:  Expr.SUBSUB 
	Expr:  Expr.VARIADIC 
	Expr:  Expr.'?' Expr ':' Expr 
	Expr:  Expr.NONIL 
	Expr:  Expr.'@' 
	Expr:  Expr.LAMB '{' Expr '}' 
	Expr:  Expr.IN Expr 
	Var:  Expr.ACC Ident 
	Var:  Expr.ACC ArrIndex 
	Acc:  Expr.ACC Expr 
	Primary:  Expr.'[' SliceN ':' SliceN ']' 
	ArrIndex:  Expr.'[' Expr ']' 

	ACC  shift 54
	VARIADIC  shift 48
	ADDADD  shift 46
	SUBSUB  shift 47
	'+'  shift 25
	'-'  shift 26
	'*'  shift 27
	'/'  shift 28
	'%'  shift 35
	'&'  shift 30
	'|'  shift 31
	'^'  shift 29
	'@'  shift 51
	NONIL  shift 50
	'['  shift 55
	.  reduce 11 (src line 55)


state 105
	Expr:  Expr.'+' Expr 
	Expr:  Expr.'-' Expr 
	Expr:  Expr.'*' Expr 
	Expr:  Expr.'/' Expr 
	Expr:  Expr.'^' Expr 
	Expr:  Expr.'&' Expr 
	Expr:  Expr.'|' Expr 
	Expr:  Expr.EQ Expr 
	Expr:  Expr.EQT Expr 
	Expr:  Expr.NOTEQT Expr 
	Expr:  Expr.'%' Expr 
	Expr:  Expr '%' Expr.    (12)
	Expr:  Expr.';' Expr 
	Expr:  Expr.';' 
	Expr:  Expr.AND Expr 
	Expr:  Expr.OR Expr 
	Expr:  Expr.NOTEQ Expr 
	Expr:  Expr.GT Expr 
	Expr:  Expr.GTE Expr 
	Expr:  Expr.LT Expr 
	Expr:  Expr.LTE Expr 
	Expr:  Expr.ORR Expr 
	Expr:  Expr.AS Ident 
	Expr:  Expr.ADDADD 
	Expr:  Expr.SUBSUB 
	Expr:  Expr.VARIADIC 
	Expr:  Expr.'?' Expr ':' Expr 
	Expr:  Expr.NONIL 
	Expr:  Expr.'@' 
	Expr:  Expr.LAMB '{' Expr '}' 
	Expr:  Expr.IN Expr 
	Var:  Expr.ACC Ident 
	Var:  Expr.ACC ArrIndex 
	Acc:  Expr.ACC Expr 
	Primary:  Expr.'[' SliceN ':' SliceN ']' 
	ArrIndex:  Expr.'[' Expr ']' 

	ACC  shift 54
	VARIADIC  shift 48
	'&'  shift 30
	'|'  shift 31
	'^'  shift 29
	'@'  shift 51
	NONIL  shift 50
	'['  shift 55
	.  reduce 12 (src line 56)


state 106
	Expr:  Expr.'+' Expr 
	Expr:  Expr.'-' Expr 
	Expr:  Expr.'*' Expr 
	Expr:  Expr.'/' Expr 
	Expr:  Expr.'^' Expr 
	Expr:  Expr.'&' Expr 
	Expr:  Expr.'|' Expr 
	Expr:  Expr.EQ Expr 
	Expr:  Expr.EQT Expr 
	Expr:  Expr.NOTEQT Expr 
	Expr:  Expr.'%' Expr 
	Expr:  Expr.';' Expr 
	Expr:  Expr ';' Expr.    (13)
	Expr:  Expr.';' 
	Expr:  Expr.AND Expr 
	Expr:  Expr.OR Expr 
	Expr:  Expr.NOTEQ Expr 
	Expr:  Expr.GT Expr 
	Expr:  Expr.GTE Expr 
	Expr:  Expr.LT Expr 
	Expr:  Expr.LTE Expr 
	Expr:  Expr.ORR Expr 
	Expr:  Expr.AS Ident 
	Expr:  Expr.ADDADD 
	Expr:  Expr.SUBSUB 
	Expr:  Expr.VARIADIC 
	Expr:  Expr.'?' Expr ':' Expr 
	Expr:  Expr.NONIL 
	Expr:  Expr.'@' 
	Expr:  Expr.LAMB '{' Expr '}' 
	Expr:  Expr.IN Expr 
	Var:  Expr.ACC Ident 
	Var:  Expr.ACC ArrIndex 
	Acc:  Expr.ACC Expr 
	Primary:  Expr.'[' SliceN ':' SliceN ']' 
	ArrIndex:  Expr.'[' Expr ']' 

	EQ  shift 32
	AND  shift 37
	OR  shift 38
	NOTEQ  shift 39
	GT  shift 40
	GTE  shift 41
	LT  shift 42
	LTE  shift 43
	ORR  shift 44
	ACC  shift 54
	IN  shift 53
	LAMB  shift 52
	VARIADIC  shift 48
	AS  shift 45
	'?'  shift 49
	EQT  shift 33
	NOTEQT  shift 34
	ADDADD  shift 46
	SUBSUB  shift 47
	'+'  shift 25
	'-'  shift 26
	'*'  shift 27
	'/'  shift 28
	'%'  shift 35
	'&'  shift 30
	'|'  shift 31
	'^'  shift 29
	'@'  shift 51
	NONIL  shift 50
	'['  shift 55
	.  reduce 13 (src line 57)


state 107
	Expr:  Expr.'+' Expr 
	Expr:  Expr.'-' Expr 
	Expr:  Expr.'*' Expr 
	Expr:  Expr.'/' Expr 
	Expr:  Expr.'^' Expr 
	Expr:  Expr.'&' Expr 
	Expr:  Expr.'|' Expr 
	Expr:  Expr.EQ Expr 
	Expr:  Expr.EQT Expr 
	Expr:  Expr.NOTEQT Expr 
	Expr:  Expr.'%' Expr 
	Expr:  Expr.';' Expr 
	Expr:  Expr.';' 
	Expr:  Expr.AND Expr 
	Expr:  Expr AND Expr.    (30)
	Expr:  Expr.OR Expr 
	Expr:  Expr.NOTEQ Expr 
	Expr:  Expr.GT Expr 
	Expr:  Expr.GTE Expr 
	Expr:  Expr.LT Expr 
	Expr:  Expr.LTE Expr 
	Expr:  Expr.ORR Expr 
	Expr:  Expr.AS Ident 
	Expr:  Expr.ADDADD 
	Expr:  Expr.SUBSUB 
	Expr:  Expr.VARIADIC 
	Expr:  Expr.'?' Expr ':' Expr 
	Expr:  Expr.NONIL 
	Expr:  Expr.'@' 
	Expr:  Expr.LAMB '{' Expr '}' 
	Expr:  Expr.IN Expr 
	Var:  Expr.ACC Ident 
	Var:  Expr.ACC ArrIndex 
	Acc:  Expr.ACC Expr 
	Primary:  Expr.'[' SliceN ':' SliceN ']' 
	ArrIndex:  Expr.'[' Expr ']' 

	EQ  shift 32
	AND  shift 37
	NOTEQ  shift 39
	GT  shift 40
	GTE  shift 41
	LT  shift 42
	LTE  shift 43
	ACC  shift 54
	IN  shift 53
	VARIADIC  shift 48
	EQT  shift 33
	NOTEQT  shift 34
	ADDADD  shift 46
	SUBSUB  shift 47
	'+'  shift 25
	'-'  shift 26
	'*'  shift 27
	'/'  shift 28
	'%'  shift 35
	'&'  shift 30
	'|'  shift 31
	'^'  shift 29
	'@'  shift 51
	NONIL  shift 50
	'['  shift 55
	.  reduce 30 (src line 74)


state 108
	Expr:  Expr.'+' Expr 
	Expr:  Expr.'-' Expr 
	Expr:  Expr.'*' Expr 
	Expr:  Expr.'/' Expr 
	Expr:  Expr.'^' Expr 
	Expr:  Expr.'&' Expr 
	Expr:  Expr.'|' Expr 
	Expr:  Expr.EQ Expr 
	Expr:  Expr.EQT Expr 
	Expr:  Expr.NOTEQT Expr 
	Expr:  Expr.'%' Expr 
	Expr:  Expr.';' Expr 
	Expr:  Expr.';' 
	Expr:  Expr.AND Expr 
	Expr:  Expr.OR Expr 
	Expr:  Expr OR Expr.    (31)
	Expr:  Expr.NOTEQ Expr 
	Expr:  Expr.GT Expr 
	Expr:  Expr.GTE Expr 
	Expr:  Expr.LT Expr 
	Expr:  Expr.LTE Expr 
	Expr:  Expr.ORR Expr 
	Expr:  Expr.AS Ident 
	Expr:  Expr.ADDADD 
	Expr:  Expr.SUBSUB 
	Expr:  Expr.VARIADIC 
	Expr:  Expr.'?' Expr ':' Expr 
	Expr:  Expr.NONIL 
	Expr:  Expr.'@' 
	Expr:  Expr.LAMB '{' Expr '}' 
	Expr:  Expr.IN Expr 
	Var:  Expr.ACC Ident 
	Var:  Expr.ACC ArrIndex 
	Acc:  Expr.ACC Expr 
	Primary:  Expr.'[' SliceN ':' SliceN ']' 
	ArrIndex:  Expr.'[' Expr ']' 

	EQ  shift 32
	AND  shift 37
	OR  shift 38
	NOTEQ  shift 39
	GT  shift 40
	GTE  shift 41
	LT  shift 42
	LTE  shift 43
	ACC  shift 54
	IN  shift 53
	VARIADIC  shift 48
	EQT  shift 33
	NOTEQT  shift 34
	ADDADD  shift 46
	SUBSUB  shift 47
	'+'  shift 25
	'-'  shift 26
	'*'  shift 27
	'/'  shift 28
	'%'  shift 35
	'&'  shift 30
	'|'  shift 31
	'^'  shift 29
	'@'  shift 51
	NONIL  shift 50
	'['  shift 55
	.  reduce 31 (src line 75)


state 109
	Expr:  Expr.'+' Expr 
	Expr:  Expr.'-' Expr 
	Expr:  Expr.'*' Expr 
	Expr:  Expr.'/' Expr 
	Expr:  Expr.'^' Expr 
	Expr:  Expr.'&' Expr 
	Expr:  Expr.'|' Expr 
	Expr:  Expr.EQ Expr 
	Expr:  Expr.EQT Expr 
	Expr:  Expr.NOTEQT Expr 
	Expr:  Expr.'%' Expr 
	Expr:  Expr.';' Expr 
	Expr:  Expr.';' 
	Expr:  Expr.AND Expr 
	Expr:  Expr.OR Expr 
	Expr:  Expr.NOTEQ Expr 
	Expr:  Expr NOTEQ Expr.    (32)
	Expr:  Expr.GT Expr 
	Expr:  Expr.GTE Expr 
	Expr:  Expr.LT Expr 
	Expr:  Expr.LTE Expr 
	Expr:  Expr.ORR Expr 
	Expr:  Expr.AS Ident 
	Expr:  Expr.ADDADD 
	Expr:  Expr.SUBSUB 
	Expr:  Expr.VARIADIC 
	Expr:  Expr.'?' Expr ':' Expr 
	Expr:  Expr.NONIL 
	Expr:  Expr.'@' 
	Expr:  Expr.LAMB '{' Expr '}' 
	Expr:  Expr.IN Expr 
	Var:  Expr.ACC Ident 
	Var:  Expr.ACC ArrIndex 
	Acc:  Expr.ACC Expr 
	Primary:  Expr.'[' SliceN ':' SliceN ']' 
	ArrIndex:  Expr.'[' Expr ']' 

	ACC  shift 54
	VARIADIC  shift 48
	ADDADD  shift 46
	SUBSUB  shift 47
	'+'  shift 25
	'-'  shift 26
	'*'  shift 27
	'/'  shift 28
	'%'  shift 35
	'&'  shift 30
	'|'  shift 31
	'^'  shift 29
	'@'  shift 51
	NONIL  shift 50
	'['  shift 55
	.  reduce 32 (src line 76)


state 110
	Expr:  Expr.'+' Expr 
	Expr:  Expr.'-' Expr 
	Expr:  Expr.'*' Expr 
	Expr:  Expr.'/' Expr 
	Expr:  Expr.'^' Expr 
	Expr:  Expr.'&' Expr 
	Expr:  Expr.'|' Expr 
	Expr:  Expr.EQ Expr 
	Expr:  Expr.EQT Expr 
	Expr:  Expr.NOTEQT Expr 
	Expr:  Expr.'%' Expr 
	Expr:  Expr.';' Expr 
	Expr:  Expr.';' 
	Expr:  Expr.AND Expr 
	Expr:  Expr.OR Expr 
	Expr:  Expr.NOTEQ Expr 
	Expr:  Expr.GT Expr 
	Expr:  Expr GT Expr.    (33)
	Expr:  Expr.GTE Expr 
	Expr:  Expr.LT Expr 
	Expr:  Expr.LTE Expr 
	Expr:  Expr.ORR Expr 
	Expr:  Expr.AS Ident 
	Expr:  Expr.ADDADD 
	Expr:  Expr.SUBSUB 
	Expr:  Expr.VARIADIC 
	Expr:  Expr.'?' Expr ':' Expr 
	Expr:  Expr.NONIL 
	Expr:  Expr.'@' 
	Expr:  Expr.LAMB '{' Expr '}' 
	Expr:  Expr.IN Expr 
	Var:  Expr.ACC Ident 
	Var:  Expr.ACC ArrIndex 
	Acc:  Expr.ACC Expr 
	Primary:  Expr.'[' SliceN ':' SliceN ']' 
	ArrIndex:  Expr.'[' Expr ']' 

	ACC  shift 54
	VARIADIC  shift 48
	ADDADD  shift 46
	SUBSUB  shift 47
	'+'  shift 25
	'-'  shift 26
	'*'  shift 27
	'/'  shift 28
	'%'  shift 35
	'&'  shift 30
	'|'  shift 31
	'^'  shift 29
	'@'  shift 51
	NONIL  shift 50
	'['  shift 55
	.  reduce 33 (src line 77)


state 111
	Expr:  Expr.'+' Expr 
	Expr:  Expr.'-' Expr 
	Expr:  Expr.'*' Expr 
	Expr:  Expr.'/' Expr 
	Expr:  Expr.'^' Expr 
	Expr:  Expr.'&' Expr 
	Expr:  Expr.'|' Expr 
	Expr:  Expr.EQ Expr 
	Expr:  Expr.EQT Expr 
	Expr:  Expr.NOTEQT Expr 
	Expr:  Expr.'%' Expr 
	Expr:  Expr.';' Expr 
	Expr:  Expr.';' 
	Expr:  Expr.AND Expr 
	Expr:  Expr.OR Expr 
	Expr:  Expr.NOTEQ Expr 
	Expr:  Expr.GT Expr 
	Expr:  Expr.GTE Expr 
	Expr:  Expr GTE Expr.    (34)
	Expr:  Expr.LT Expr 
	Expr:  Expr.LTE Expr 
	Expr:  Expr.ORR Expr 
	Expr:  Expr.AS Ident 
	Expr:  Expr.ADDADD 
	Expr:  Expr.SUBSUB 
	Expr:  Expr.VARIADIC 
	Expr:  Expr.'?' Expr ':' Expr 
	Expr:  Expr.NONIL 
	Expr:  Expr.'@' 
	Expr:  Expr.LAMB '{' Expr '}' 
	Expr:  Expr.IN Expr 
	Var:  Expr.ACC Ident 
	Var:  Expr.ACC ArrIndex 
	Acc:  Expr.ACC Expr 
	Primary:  Expr.'[' SliceN ':' SliceN ']' 
	ArrIndex:  Expr.'[' Expr ']' 

	ACC  shift 54
	VARIADIC  shift 48
	ADDADD  shift 46
	SUBSUB  shift 47
	'+'  shift 25
	'-'  shift 26
	'*'  shift 27
	'/'  shift 28
	'%'  shift 35
	'&'  shift 30
	'|'  shift 31
	'^'  shift 29
	'@'  shift 51
	NONIL  shift 50
	'['  shift 55
	.  reduce 34 (src line 78)


state 112
	Expr:  Expr.'+' Expr 
	Expr:  Expr.'-' Expr 
	Expr:  Expr.'*' Expr 
	Expr:  Expr.'/' Expr 
	Expr:  Expr.'^' Expr 
	Expr:  Expr.'&' Expr 
	Expr:  Expr.'|' Expr 
	Expr:  Expr.EQ Expr 
	Expr:  Expr.EQT Expr 
	Expr:  Expr.NOTEQT Expr 
	Expr:  Expr.'%' Expr 
	Expr:  Expr.';' Expr 
	Expr:  Expr.';' 
	Expr:  Expr.AND Expr 
	Expr:  Expr.OR Expr 
	Expr:  Expr.NOTEQ Expr 
	Expr:  Expr.GT Expr 
	Expr:  Expr.GTE Expr 
	Expr:  Expr.LT Expr 
	Expr:  Expr LT Expr.    (35)
	Expr:  Expr.LTE Expr 
	Expr:  Expr.ORR Expr 
	Expr:  Expr.AS Ident 
	Expr:  Expr.ADDADD 
	Expr:  Expr.SUBSUB 
	Expr:  Expr.VARIADIC 
	Expr:  Expr.'?' Expr ':' Expr 
	Expr:  Expr.NONIL 
	Expr:  Expr.'@' 
	Expr:  Expr.LAMB '{' Expr '}' 
	Expr:  Expr.IN Expr 
	Var:  Expr.ACC Ident 
	Var:  Expr.ACC ArrIndex 
	Acc:  Expr.ACC Expr 
	Primary:  Expr.'[' SliceN ':' SliceN ']' 
	ArrIndex:  Expr.'[' Expr ']' 

	ACC  shift 54
	VARIADIC  shift 48
	ADDADD  shift 46
	SUBSUB  shift 47
	'+'  shift 25
	'-'  shift 26
	'*'  shift 27
	'/'  shift 28
	'%'  shift 35
	'&'  shift 30
	'|'  shift 31
	'^'  shift 29
	'@'  shift 51
	NONIL  shift 50
	'['  shift 55
	.  reduce 35 (src line 79)


state 113
	Expr:  Expr.'+' Expr 
	Expr:  Expr.'-' Expr 
	Expr:  Expr.'*' Expr 
	Expr:  Expr.'/' Expr 
	Expr:  Expr.'^' Expr 
	Expr:  Expr.'&' Expr 
	Expr:  Expr.'|' Expr 
	Expr:  Expr.EQ Expr 
	Expr:  Expr.EQT Expr 
	Expr:  Expr.NOTEQT Expr 
	Expr:  Expr.'%' Expr 
	Expr:  Expr.';' Expr 
	Expr:  Expr.';' 
	Expr:  Expr.AND Expr 
	Expr:  Expr.OR Expr 
	Expr:  Expr.NOTEQ Expr 
	Expr:  Expr.GT Expr 
	Expr:  Expr.GTE Expr 
	Expr:  Expr.LT Expr 
	Expr:  Expr.LTE Expr 
	Expr:  Expr LTE Expr.    (36)
	Expr:  Expr.ORR Expr 
	Expr:  Expr.AS Ident 
	Expr:  Expr.ADDADD 
	Expr:  Expr.SUBSUB 
	Expr:  Expr.VARIADIC 
	Expr:  Expr.'?' Expr ':' Expr 
	Expr:  Expr.NONIL 
	Expr:  Expr.'@' 
	Expr:  Expr.LAMB '{' Expr '}' 
	Expr:  Expr.IN Expr 
	Var:  Expr.ACC Ident 
	Var:  Expr.ACC ArrIndex 
	Acc:  Expr.ACC Expr 
	Primary:  Expr.'[' SliceN ':' SliceN ']' 
	ArrIndex:  Expr.'[' Expr ']' 

	ACC  shift 54
	VARIADIC  shift 48
	ADDADD  shift 46
	SUBSUB  shift 47
	'+'  shift 25
	'-'  shift 26
	'*'  shift 27
	'/'  shift 28
	'%'  shift 35
	'&'  shift 30
	'|'  shift 31
	'^'  shift 29
	'@'  shift 51
	NONIL  shift 50
	'['  shift 55
	.  reduce 36 (src line 80)


state 114
	Expr:  Expr.'+' Expr 
	Expr:  Expr.'-' Expr 
	Expr:  Expr.'*' Expr 
	Expr:  Expr.'/' Expr 
	Expr:  Expr.'^' Expr 
	Expr:  Expr.'&' Expr 
	Expr:  Expr.'|' Expr 
	Expr:  Expr.EQ Expr 
	Expr:  Expr.EQT Expr 
	Expr:  Expr.NOTEQT Expr 
	Expr:  Expr.'%' Expr 
	Expr:  Expr.';' Expr 
	Expr:  Expr.';' 
	Expr:  Expr.AND Expr 
	Expr:  Expr.OR Expr 
	Expr:  Expr.NOTEQ Expr 
	Expr:  Expr.GT Expr 
	Expr:  Expr.GTE Expr 
	Expr:  Expr.LT Expr 
	Expr:  Expr.LTE Expr 
	Expr:  Expr.ORR Expr 
	Expr:  Expr ORR Expr.    (37)
	Expr:  Expr.AS Ident 
	Expr:  Expr.ADDADD 
	Expr:  Expr.SUBSUB 
	Expr:  Expr.VARIADIC 
	Expr:  Expr.'?' Expr ':' Expr 
	Expr:  Expr.NONIL 
	Expr:  Expr.'@' 
	Expr:  Expr.LAMB '{' Expr '}' 
	Expr:  Expr.IN Expr 
	Var:  Expr.ACC Ident 
	Var:  Expr.ACC ArrIndex 
	Acc:  Expr.ACC Expr 
	Primary:  Expr.'[' SliceN ':' SliceN ']' 
	ArrIndex:  Expr.'[' Expr ']' 

	EQ  shift 32
	AND  shift 37
	OR  shift 38
	NOTEQ  shift 39
	GT  shift 40
	GTE  shift 41
	LT  shift 42
	LTE  shift 43
	ORR  shift 44
	ACC  shift 54
	IN  shift 53
	VARIADIC  shift 48
	EQT  shift 33
	NOTEQT  shift 34
	ADDADD  shift 46
	SUBSUB  shift 47
	'+'  shift 25
	'-'  shift 26
	'*'  shift 27
	'/'  shift 28
	'%'  shift 35
	'&'  shift 30
	'|'  shift 31
	'^'  shift 29
	'@'  shift 51
	NONIL  shift 50
	'['  shift 55
	.  reduce 37 (src line 82)


state 115
	Expr:  Expr AS Ident.    (38)

	.  reduce 38 (src line 83)


state 116
	Expr:  Expr.'+' Expr 
	Expr:  Expr.'-' Expr 
	Expr:  Expr.'*' Expr 
	Expr:  Expr.'/' Expr 
	Expr:  Expr.'^' Expr 
	Expr:  Expr.'&' Expr 
	Expr:  Expr.'|' Expr 
	Expr:  Expr.EQ Expr 
	Expr:  Expr.EQT Expr 
	Expr:  Expr.NOTEQT Expr 
	Expr:  Expr.'%' Expr 
	Expr:  Expr.';' Expr 
	Expr:  Expr.';' 
	Expr:  Expr.AND Expr 
	Expr:  Expr.OR Expr 
	Expr:  Expr.NOTEQ Expr 
	Expr:  Expr.GT Expr 
	Expr:  Expr.GTE Expr 
	Expr:  Expr.LT Expr 
	Expr:  Expr.LTE Expr 
	Expr:  Expr.ORR Expr 
	Expr:  Expr.AS Ident 
	Expr:  Expr.ADDADD 
	Expr:  Expr.SUBSUB 
	Expr:  Expr.VARIADIC 
	Expr:  Expr.'?' Expr ':' Expr 
	Expr:  Expr '?' Expr.':' Expr 
	Expr:  Expr.NONIL 
	Expr:  Expr.'@' 
	Expr:  Expr.LAMB '{' Expr '}' 
	Expr:  Expr.IN Expr 
	Var:  Expr.ACC Ident 
	Var:  Expr.ACC ArrIndex 
	Acc:  Expr.ACC Expr 
	Primary:  Expr.'[' SliceN ':' SliceN ']' 
	ArrIndex:  Expr.'[' Expr ']' 

	EQ  shift 32
	AND  shift 37
	OR  shift 38
	NOTEQ  shift 39
	GT  shift 40
	GTE  shift 41
	LT  shift 42
	LTE  shift 43
	ORR  shift 44
	ACC  shift 54
	IN  shift 53
	LAMB  shift 52
	VARIADIC  shift 48
	AS  shift 45
	';'  shift 36
	'?'  shift 49
	':'  shift 160
	EQT  shift 33
	NOTEQT  shift 34
	ADDADD  shift 46
	SUBSUB  shift 47
	'+'  shift 25
	'-'  shift 26
	'*'  shift 27
	'/'  shift 28
	'%'  shift 35
	'&'  shift 30
	'|'  shift 31
	'^'  shift 29
	'@'  shift 51
	NONIL  shift 50
	'['  shift 55
	.  error


state 117
	Expr:  Expr LAMB '{'.Expr '}' 

	IDENT  shift 13
	NUMBER  shift 17
	STRING  shift 20
	BOOL  shift 19
	NIL  shift 21
	IF  shift 10
	FOR  shift 9
	CONST  shift 14
	EXIT  shift 18
	SWITCH  shift 11
	FUNCTION  shift 16
	BREAK  shift 12
	'-'  shift 7
	'!'  shift 6
	'['  shift 23
	'{'  shift 8
	'('  shift 22
	.  error

	Expr  goto 161
	Ident  goto 3
	Var  goto 4
	ArrIndex  goto 5
	Primary  goto 15
	Acc  goto 24

state 118
	Expr:  Expr.'+' Expr 
	Expr:  Expr.'-' Expr 
	Expr:  Expr.'*' Expr 
	Expr:  Expr.'/' Expr 
	Expr:  Expr.'^' Expr 
	Expr:  Expr.'&' Expr 
	Expr:  Expr.'|' Expr 
	Expr:  Expr.EQ Expr 
	Expr:  Expr.EQT Expr 
	Expr:  Expr.NOTEQT Expr 
	Expr:  Expr.'%' Expr 
	Expr:  Expr.';' Expr 
	Expr:  Expr.';' 
	Expr:  Expr.AND Expr 
	Expr:  Expr.OR Expr 
	Expr:  Expr.NOTEQ Expr 
	Expr:  Expr.GT Expr 
	Expr:  Expr.GTE Expr 
	Expr:  Expr.LT Expr 
	Expr:  Expr.LTE Expr 
	Expr:  Expr.ORR Expr 
	Expr:  Expr.AS Ident 
	Expr:  Expr.ADDADD 
	Expr:  Expr.SUBSUB 
	Expr:  Expr.VARIADIC 
	Expr:  Expr.'?' Expr ':' Expr 
	Expr:  Expr.NONIL 
	Expr:  Expr.'@' 
	Expr:  Expr.LAMB '{' Expr '}' 
	Expr:  Expr.IN Expr 
	Expr:  Expr IN Expr.    (60)
	Var:  Expr.ACC Ident 
	Var:  Expr.ACC ArrIndex 
	Acc:  Expr.ACC Expr 
	Primary:  Expr.'[' SliceN ':' SliceN ']' 
	ArrIndex:  Expr.'[' Expr ']' 

	ACC  shift 54
	VARIADIC  shift 48
	ADDADD  shift 46
	SUBSUB  shift 47
	'+'  shift 25
	'-'  shift 26
	'*'  shift 27
	'/'  shift 28
	'%'  shift 35
	'&'  shift 30
	'|'  shift 31
	'^'  shift 29
	'@'  shift 51
	NONIL  shift 50
	'['  shift 55
	.  reduce 60 (src line 110)


state 119
	Expr:  Ident.'=' Expr 
	Expr:  Ident.ADDEQ Expr 
	Expr:  Ident.SUBEQ Expr 
	Expr:  Ident.MULEQ Expr 
	Expr:  Ident.DIVEQ Expr 
	Expr:  Ident.    (61)
	Var:  Expr ACC Ident.    (80)
	Primary:  Ident.'(' ArgListOpt ')' 

	ADDEQ  reduce 80 (src line 146)
	SUBEQ  reduce 80 (src line 146)
	MULEQ  reduce 80 (src line 146)
	DIVEQ  reduce 80 (src line 146)
	'='  reduce 80 (src line 146)
	'('  shift 61
	.  reduce 61 (src line 111)


state 120
	Expr:  ArrIndex.'=' Expr 
	Expr:  ArrIndex.ADDEQ Expr 
	Expr:  ArrIndex.SUBEQ Expr 
	Expr:  ArrIndex.MULEQ Expr 
	Expr:  ArrIndex.DIVEQ Expr 
	Var:  Expr ACC ArrIndex.    (81)
	Primary:  ArrIndex.    (92)

	ADDEQ  reduce 81 (src line 148)
	SUBEQ  reduce 81 (src line 148)
	MULEQ  reduce 81 (src line 148)
	DIVEQ  reduce 81 (src line 148)
	'='  reduce 81 (src line 148)
	.  reduce 92 (src line 165)


state 121
	Expr:  Expr.'+' Expr 
	Expr:  Expr.'-' Expr 
	Expr:  Expr.'*' Expr 
	Expr:  Expr.'/' Expr 
	Expr:  Expr.'^' Expr 
	Expr:  Expr.'&' Expr 
	Expr:  Expr.'|' Expr 
	Expr:  Expr.EQ Expr 
	Expr:  Expr.EQT Expr 
	Expr:  Expr.NOTEQT Expr 
	Expr:  Expr.'%' Expr 
	Expr:  Expr.';' Expr 
	Expr:  Expr.';' 
	Expr:  Expr.AND Expr 
	Expr:  Expr.OR Expr 
	Expr:  Expr.NOTEQ Expr 
	Expr:  Expr.GT Expr 
	Expr:  Expr.GTE Expr 
	Expr:  Expr.LT Expr 
	Expr:  Expr.LTE Expr 
	Expr:  Expr.ORR Expr 
	Expr:  Expr.AS Ident 
	Expr:  Expr.ADDADD 
	Expr:  Expr.SUBSUB 
	Expr:  Expr.VARIADIC 
	Expr:  Expr.'?' Expr ':' Expr 
	Expr:  Expr.NONIL 
	Expr:  Expr.'@' 
	Expr:  Expr.LAMB '{' Expr '}' 
	Expr:  Expr.IN Expr 
	Var:  Expr.ACC Ident 
	Var:  Expr.ACC ArrIndex 
	Acc:  Expr.ACC Expr 
	Acc:  Expr ACC Expr.    (82)
	Primary:  Expr.'[' SliceN ':' SliceN ']' 
	ArrIndex:  Expr.'[' Expr ']' 

	VARIADIC  shift 48
	.  reduce 82 (src line 150)


state 122
	Primary:  Expr '[' SliceN.':' SliceN ']' 

	':'  shift 162
	.  error


state 123
	Expr:  Expr.'+' Expr 
	Expr:  Expr.'-' Expr 
	Expr:  Expr.'*' Expr 
	Expr:  Expr.'/' Expr 
	Expr:  Expr.'^' Expr 
	Expr:  Expr.'&' Expr 
	Expr:  Expr.'|' Expr 
	Expr:  Expr.EQ Expr 
	Expr:  Expr.EQT Expr 
	Expr:  Expr.NOTEQT Expr 
	Expr:  Expr.'%' Expr 
	Expr:  Expr.';' Expr 
	Expr:  Expr.';' 
	Expr:  Expr.AND Expr 
	Expr:  Expr.OR Expr 
	Expr:  Expr.NOTEQ Expr 
	Expr:  Expr.GT Expr 
	Expr:  Expr.GTE Expr 
	Expr:  Expr.LT Expr 
	Expr:  Expr.LTE Expr 
	Expr:  Expr.ORR Expr 
	Expr:  Expr.AS Ident 
	Expr:  Expr.ADDADD 
	Expr:  Expr.SUBSUB 
	Expr:  Expr.VARIADIC 
	Expr:  Expr.'?' Expr ':' Expr 
	Expr:  Expr.NONIL 
	Expr:  Expr.'@' 
	Expr:  Expr.LAMB '{' Expr '}' 
	Expr:  Expr.IN Expr 
	Var:  Expr.ACC Ident 
	Var:  Expr.ACC ArrIndex 
	Acc:  Expr.ACC Expr 
	Primary:  Expr.'[' SliceN ':' SliceN ']' 
	SliceN:  Expr.    (96)
	ArrIndex:  Expr.'[' Expr ']' 
	ArrIndex:  Expr '[' Expr.']' 

	EQ  shift 32
	AND  shift 37
	OR  shift 38
	NOTEQ  shift 39
	GT  shift 40
	GTE  shift 41
	LT  shift 42
	LTE  shift 43
	ORR  shift 44
	ACC  shift 54
	IN  shift 53
	LAMB  shift 52
	VARIADIC  shift 48
	AS  shift 45
	';'  shift 36
	'?'  shift 49
	EQT  shift 33
	NOTEQT  shift 34
	ADDADD  shift 46
	SUBSUB  shift 47
	'+'  shift 25
	'-'  shift 26
	'*'  shift 27
	'/'  shift 28
	'%'  shift 35
	'&'  shift 30
	'|'  shift 31
	'^'  shift 29
	'@'  shift 51
	NONIL  shift 50
	'['  shift 55
	']'  shift 163
	.  reduce 96 (src line 176)


state 124
	Expr:  Expr.'+' Expr 
	Expr:  Expr.'-' Expr 
	Expr:  Expr.'*' Expr 
	Expr:  Expr.'/' Expr 
	Expr:  Expr.'^' Expr 
	Expr:  Expr.'&' Expr 
	Expr:  Expr.'|' Expr 
	Expr:  Expr.EQ Expr 
	Expr:  Expr.EQT Expr 
	Expr:  Expr.NOTEQT Expr 
	Expr:  Expr.'%' Expr 
	Expr:  Expr.';' Expr 
	Expr:  Expr.';' 
	Expr:  Ident '=' Expr.    (15)
	Expr:  Expr.AND Expr 
	Expr:  Expr.OR Expr 
	Expr:  Expr.NOTEQ Expr 
	Expr:  Expr.GT Expr 
	Expr:  Expr.GTE Expr 
	Expr:  Expr.LT Expr 
	Expr:  Expr.LTE Expr 
	Expr:  Expr.ORR Expr 
	Expr:  Expr.AS Ident 
	Expr:  Expr.ADDADD 
	Expr:  Expr.SUBSUB 
	Expr:  Expr.VARIADIC 
	Expr:  Expr.'?' Expr ':' Expr 
	Expr:  Expr.NONIL 
	Expr:  Expr.'@' 
	Expr:  Expr.LAMB '{' Expr '}' 
	Expr:  Expr.IN Expr 
	Var:  Expr.ACC Ident 
	Var:  Expr.ACC ArrIndex 
	Acc:  Expr.ACC Expr 
	Primary:  Expr.'[' SliceN ':' SliceN ']' 
	ArrIndex:  Expr.'[' Expr ']' 

	EQ  shift 32
	AND  shift 37
	OR  shift 38
	NOTEQ  shift 39
	GT  shift 40
	GTE  shift 41
	LT  shift 42
	LTE  shift 43
	ORR  shift 44
	ACC  shift 54
	IN  shift 53
	VARIADIC  shift 48
	'?'  shift 49
	EQT  shift 33
	NOTEQT  shift 34
	ADDADD  shift 46
	SUBSUB  shift 47
	'+'  shift 25
	'-'  shift 26
	'*'  shift 27
	'/'  shift 28
	'%'  shift 35
	'&'  shift 30
	'|'  shift 31
	'^'  shift 29
	'@'  shift 51
	NONIL  shift 50
	'['  shift 55
	.  reduce 15 (src line 59)


state 125
	Expr:  Expr.'+' Expr 
	Expr:  Expr.'-' Expr 
	Expr:  Expr.'*' Expr 
	Expr:  Expr.'/' Expr 
	Expr:  Expr.'^' Expr 
	Expr:  Expr.'&' Expr 
	Expr:  Expr.'|' Expr 
	Expr:  Expr.EQ Expr 
	Expr:  Expr.EQT Expr 
	Expr:  Expr.NOTEQT Expr 
	Expr:  Expr.'%' Expr 
	Expr:  Expr.';' Expr 
	Expr:  Expr.';' 
	Expr:  Ident ADDEQ Expr.    (18)
	Expr:  Expr.AND Expr 
	Expr:  Expr.OR Expr 
	Expr:  Expr.NOTEQ Expr 
	Expr:  Expr.GT Expr 
	Expr:  Expr.GTE Expr 
	Expr:  Expr.LT Expr 
	Expr:  Expr.LTE Expr 
	Expr:  Expr.ORR Expr 
	Expr:  Expr.AS Ident 
	Expr:  Expr.ADDADD 
	Expr:  Expr.SUBSUB 
	Expr:  Expr.VARIADIC 
	Expr:  Expr.'?' Expr ':' Expr 
	Expr:  Expr.NONIL 
	Expr:  Expr.'@' 
	Expr:  Expr.LAMB '{' Expr '}' 
	Expr:  Expr.IN Expr 
	Var:  Expr.ACC Ident 
	Var:  Expr.ACC ArrIndex 
	Acc:  Expr.ACC Expr 
	Primary:  Expr.'[' SliceN ':' SliceN ']' 
	ArrIndex:  Expr.'[' Expr ']' 

	ACC  shift 54
	VARIADIC  shift 48
	'+'  shift 25
	'-'  shift 26
	'*'  shift 27
	'/'  shift 28
	'%'  shift 35
	'&'  shift 30
	'|'  shift 31
	'^'  shift 29
	'@'  shift 51
	NONIL  shift 50
	'['  shift 55
	.  reduce 18 (src line 62)


state 126
	Expr:  Expr.'+' Expr 
	Expr:  Expr.'-' Expr 
	Expr:  Expr.'*' Expr 
	Expr:  Expr.'/' Expr 
	Expr:  Expr.'^' Expr 
	Expr:  Expr.'&' Expr 
	Expr:  Expr.'|' Expr 
	Expr:  Expr.EQ Expr 
	Expr:  Expr.EQT Expr 
	Expr:  Expr.NOTEQT Expr 
	Expr:  Expr.'%' Expr 
	Expr:  Expr.';' Expr 
	Expr:  Expr.';' 
	Expr:  Ident SUBEQ Expr.    (21)
	Expr:  Expr.AND Expr 
	Expr:  Expr.OR Expr 
	Expr:  Expr.NOTEQ Expr 
	Expr:  Expr.GT Expr 
	Expr:  Expr.GTE Expr 
	Expr:  Expr.LT Expr 
	Expr:  Expr.LTE Expr 
	Expr:  Expr.ORR Expr 
	Expr:  Expr.AS Ident 
	Expr:  Expr.ADDADD 
	Expr:  Expr.SUBSUB 
	Expr:  Expr.VARIADIC 
	Expr:  Expr.'?' Expr ':' Expr 
	Expr:  Expr.NONIL 
	Expr:  Expr.'@' 
	Expr:  Expr.LAMB '{' Expr '}' 
	Expr:  Expr.IN Expr 
	Var:  Expr.ACC Ident 
	Var:  Expr.ACC ArrIndex 
	Acc:  Expr.ACC Expr 
	Primary:  Expr.'[' SliceN ':' SliceN ']' 
	ArrIndex:  Expr.'[' Expr ']' 

	ACC  shift 54
	VARIADIC  shift 48
	'+'  shift 25
	'-'  shift 26
	'*'  shift 27
	'/'  shift 28
	'%'  shift 35
	'&'  shift 30
	'|'  shift 31
	'^'  shift 29
	'@'  shift 51
	NONIL  shift 50
	'['  shift 55
	.  reduce 21 (src line 65)


state 127
	Expr:  Expr.'+' Expr 
	Expr:  Expr.'-' Expr 
	Expr:  Expr.'*' Expr 
	Expr:  Expr.'/' Expr 
	Expr:  Expr.'^' Expr 
	Expr:  Expr.'&' Expr 
	Expr:  Expr.'|' Expr 
	Expr:  Expr.EQ Expr 
	Expr:  Expr.EQT Expr 
	Expr:  Expr.NOTEQT Expr 
	Expr:  Expr.'%' Expr 
	Expr:  Expr.';' Expr 
	Expr:  Expr.';' 
	Expr:  Ident MULEQ Expr.    (24)
	Expr:  Expr.AND Expr 
	Expr:  Expr.OR Expr 
	Expr:  Expr.NOTEQ Expr 
	Expr:  Expr.GT Expr 
	Expr:  Expr.GTE Expr 
	Expr:  Expr.LT Expr 
	Expr:  Expr.LTE Expr 
	Expr:  Expr.ORR Expr 
	Expr:  Expr.AS Ident 
	Expr:  Expr.ADDADD 
	Expr:  Expr.SUBSUB 
	Expr:  Expr.VARIADIC 
	Expr:  Expr.'?' Expr ':' Expr 
	Expr:  Expr.NONIL 
	Expr:  Expr.'@' 
	Expr:  Expr.LAMB '{' Expr '}' 
	Expr:  Expr.IN Expr 
	Var:  Expr.ACC Ident 
	Var:  Expr.ACC ArrIndex 
	Acc:  Expr.ACC Expr 
	Primary:  Expr.'[' SliceN ':' SliceN ']' 
	ArrIndex:  Expr.'[' Expr ']' 

	ACC  shift 54
	VARIADIC  shift 48
	'+'  shift 25
	'-'  shift 26
	'*'  shift 27
	'/'  shift 28
	'%'  shift 35
	'&'  shift 30
	'|'  shift 31
	'^'  shift 29
	'@'  shift 51
	NONIL  shift 50
	'['  shift 55
	.  reduce 24 (src line 68)


state 128
	Expr:  Expr.'+' Expr 
	Expr:  Expr.'-' Expr 
	Expr:  Expr.'*' Expr 
	Expr:  Expr.'/' Expr 
	Expr:  Expr.'^' Expr 
	Expr:  Expr.'&' Expr 
	Expr:  Expr.'|' Expr 
	Expr:  Expr.EQ Expr 
	Expr:  Expr.EQT Expr 
	Expr:  Expr.NOTEQT Expr 
	Expr:  Expr.'%' Expr 
	Expr:  Expr.';' Expr 
	Expr:  Expr.';' 
	Expr:  Ident DIVEQ Expr.    (27)
	Expr:  Expr.AND Expr 
	Expr:  Expr.OR Expr 
	Expr:  Expr.NOTEQ Expr 
	Expr:  Expr.GT Expr 
	Expr:  Expr.GTE Expr 
	Expr:  Expr.LT Expr 
	Expr:  Expr.LTE Expr 
	Expr:  Expr.ORR Expr 
	Expr:  Expr.AS Ident 
	Expr:  Expr.ADDADD 
	Expr:  Expr.SUBSUB 
	Expr:  Expr.VARIADIC 
	Expr:  Expr.'?' Expr ':' Expr 
	Expr:  Expr.NONIL 
	Expr:  Expr.'@' 
	Expr:  Expr.LAMB '{' Expr '}' 
	Expr:  Expr.IN Expr 
	Var:  Expr.ACC Ident 
	Var:  Expr.ACC ArrIndex 
	Acc:  Expr.ACC Expr 
	Primary:  Expr.'[' SliceN ':' SliceN ']' 
	ArrIndex:  Expr.'[' Expr ']' 

	ACC  shift 54
	VARIADIC  shift 48
	'+'  shift 25
	'-'  shift 26
	'*'  shift 27
	'/'  shift 28
	'%'  shift 35
	'&'  shift 30
	'|'  shift 31
	'^'  shift 29
	'@'  shift 51
	NONIL  shift 50
	'['  shift 55
	.  reduce 27 (src line 71)


state 129
	Primary:  Ident '(' ArgListOpt.')' 

	')'  shift 164
	.  error


state 130
	Expr:  Expr.'+' Expr 
	Expr:  Expr.'-' Expr 
	Expr:  Expr.'*' Expr 
	Expr:  Expr.'/' Expr 
	Expr:  Expr.'^' Expr 
	Expr:  Expr.'&' Expr 
	Expr:  Expr.'|' Expr 
	Expr:  Expr.EQ Expr 
	Expr:  Expr.EQT Expr 
	Expr:  Expr.NOTEQT Expr 
	Expr:  Expr.'%' Expr 
	Expr:  Expr.';' Expr 
	Expr:  Expr.';' 
	Expr:  Var '=' Expr.    (16)
	Expr:  Expr.AND Expr 
	Expr:  Expr.OR Expr 
	Expr:  Expr.NOTEQ Expr 
	Expr:  Expr.GT Expr 
	Expr:  Expr.GTE Expr 
	Expr:  Expr.LT Expr 
	Expr:  Expr.LTE Expr 
	Expr:  Expr.ORR Expr 
	Expr:  Expr.AS Ident 
	Expr:  Expr.ADDADD 
	Expr:  Expr.SUBSUB 
	Expr:  Expr.VARIADIC 
	Expr:  Expr.'?' Expr ':' Expr 
	Expr:  Expr.NONIL 
	Expr:  Expr.'@' 
	Expr:  Expr.LAMB '{' Expr '}' 
	Expr:  Expr.IN Expr 
	Var:  Expr.ACC Ident 
	Var:  Expr.ACC ArrIndex 
	Acc:  Expr.ACC Expr 
	Primary:  Expr.'[' SliceN ':' SliceN ']' 
	ArrIndex:  Expr.'[' Expr ']' 

	EQ  shift 32
	AND  shift 37
	OR  shift 38
	NOTEQ  shift 39
	GT  shift 40
	GTE  shift 41
	LT  shift 42
	LTE  shift 43
	ORR  shift 44
	ACC  shift 54
	IN  shift 53
	VARIADIC  shift 48
	'?'  shift 49
	EQT  shift 33
	NOTEQT  shift 34
	ADDADD  shift 46
	SUBSUB  shift 47
	'+'  shift 25
	'-'  shift 26
	'*'  shift 27
	'/'  shift 28
	'%'  shift 35
	'&'  shift 30
	'|'  shift 31
	'^'  shift 29
	'@'  shift 51
	NONIL  shift 50
	'['  shift 55
	.  reduce 16 (src line 60)


state 131
	Expr:  Expr.'+' Expr 
	Expr:  Expr.'-' Expr 
	Expr:  Expr.'*' Expr 
	Expr:  Expr.'/' Expr 
	Expr:  Expr.'^' Expr 
	Expr:  Expr.'&' Expr 
	Expr:  Expr.'|' Expr 
	Expr:  Expr.EQ Expr 
	Expr:  Expr.EQT Expr 
	Expr:  Expr.NOTEQT Expr 
	Expr:  Expr.'%' Expr 
	Expr:  Expr.';' Expr 
	Expr:  Expr.';' 
	Expr:  Var ADDEQ Expr.    (19)
	Expr:  Expr.AND Expr 
	Expr:  Expr.OR Expr 
	Expr:  Expr.NOTEQ Expr 
	Expr:  Expr.GT Expr 
	Expr:  Expr.GTE Expr 
	Expr:  Expr.LT Expr 
	Expr:  Expr.LTE Expr 
	Expr:  Expr.ORR Expr 
	Expr:  Expr.AS Ident 
	Expr:  Expr.ADDADD 
	Expr:  Expr.SUBSUB 
	Expr:  Expr.VARIADIC 
	Expr:  Expr.'?' Expr ':' Expr 
	Expr:  Expr.NONIL 
	Expr:  Expr.'@' 
	Expr:  Expr.LAMB '{' Expr '}' 
	Expr:  Expr.IN Expr 
	Var:  Expr.ACC Ident 
	Var:  Expr.ACC ArrIndex 
	Acc:  Expr.ACC Expr 
	Primary:  Expr.'[' SliceN ':' SliceN ']' 
	ArrIndex:  Expr.'[' Expr ']' 

	ACC  shift 54
	VARIADIC  shift 48
	'+'  shift 25
	'-'  shift 26
	'*'  shift 27
	'/'  shift 28
	'%'  shift 35
	'&'  shift 30
	'|'  shift 31
	'^'  shift 29
	'@'  shift 51
	NONIL  shift 50
	'['  shift 55
	.  reduce 19 (src line 63)


state 132
	Expr:  Expr.'+' Expr 
	Expr:  Expr.'-' Expr 
	Expr:  Expr.'*' Expr 
	Expr:  Expr.'/' Expr 
	Expr:  Expr.'^' Expr 
	Expr:  Expr.'&' Expr 
	Expr:  Expr.'|' Expr 
	Expr:  Expr.EQ Expr 
	Expr:  Expr.EQT Expr 
	Expr:  Expr.NOTEQT Expr 
	Expr:  Expr.'%' Expr 
	Expr:  Expr.';' Expr 
	Expr:  Expr.';' 
	Expr:  Var SUBEQ Expr.    (22)
	Expr:  Expr.AND Expr 
	Expr:  Expr.OR Expr 
	Expr:  Expr.NOTEQ Expr 
	Expr:  Expr.GT Expr 
	Expr:  Expr.GTE Expr 
	Expr:  Expr.LT Expr 
	Expr:  Expr.LTE Expr 
	Expr:  Expr.ORR Expr 
	Expr:  Expr.AS Ident 
	Expr:  Expr.ADDADD 
	Expr:  Expr.SUBSUB 
	Expr:  Expr.VARIADIC 
	Expr:  Expr.'?' Expr ':' Expr 
	Expr:  Expr.NONIL 
	Expr:  Expr.'@' 
	Expr:  Expr.LAMB '{' Expr '}' 
	Expr:  Expr.IN Expr 
	Var:  Expr.ACC Ident 
	Var:  Expr.ACC ArrIndex 
	Acc:  Expr.ACC Expr 
	Primary:  Expr.'[' SliceN ':' SliceN ']' 
	ArrIndex:  Expr.'[' Expr ']' 

	ACC  shift 54
	VARIADIC  shift 48
	'+'  shift 25
	'-'  shift 26
	'*'  shift 27
	'/'  shift 28
	'%'  shift 35
	'&'  shift 30
	'|'  shift 31
	'^'  shift 29
	'@'  shift 51
	NONIL  shift 50
	'['  shift 55
	.  reduce 22 (src line 66)


state 133
	Expr:  Expr.'+' Expr 
	Expr:  Expr.'-' Expr 
	Expr:  Expr.'*' Expr 
	Expr:  Expr.'/' Expr 
	Expr:  Expr.'^' Expr 
	Expr:  Expr.'&' Expr 
	Expr:  Expr.'|' Expr 
	Expr:  Expr.EQ Expr 
	Expr:  Expr.EQT Expr 
	Expr:  Expr.NOTEQT Expr 
	Expr:  Expr.'%' Expr 
	Expr:  Expr.';' Expr 
	Expr:  Expr.';' 
	Expr:  Var MULEQ Expr.    (25)
	Expr:  Expr.AND Expr 
	Expr:  Expr.OR Expr 
	Expr:  Expr.NOTEQ Expr 
	Expr:  Expr.GT Expr 
	Expr:  Expr.GTE Expr 
	Expr:  Expr.LT Expr 
	Expr:  Expr.LTE Expr 
	Expr:  Expr.ORR Expr 
	Expr:  Expr.AS Ident 
	Expr:  Expr.ADDADD 
	Expr:  Expr.SUBSUB 
	Expr:  Expr.VARIADIC 
	Expr:  Expr.'?' Expr ':' Expr 
	Expr:  Expr.NONIL 
	Expr:  Expr.'@' 
	Expr:  Expr.LAMB '{' Expr '}' 
	Expr:  Expr.IN Expr 
	Var:  Expr.ACC Ident 
	Var:  Expr.ACC ArrIndex 
	Acc:  Expr.ACC Expr 
	Primary:  Expr.'[' SliceN ':' SliceN ']' 
	ArrIndex:  Expr.'[' Expr ']' 

	ACC  shift 54
	VARIADIC  shift 48
	'+'  shift 25
	'-'  shift 26
	'*'  shift 27
	'/'  shift 28
	'%'  shift 35
	'&'  shift 30
	'|'  shift 31
	'^'  shift 29
	'@'  shift 51
	NONIL  shift 50
	'['  shift 55
	.  reduce 25 (src line 69)


state 134
	Expr:  Expr.'+' Expr 
	Expr:  Expr.'-' Expr 
	Expr:  Expr.'*' Expr 
	Expr:  Expr.'/' Expr 
	Expr:  Expr.'^' Expr 
	Expr:  Expr.'&' Expr 
	Expr:  Expr.'|' Expr 
	Expr:  Expr.EQ Expr 
	Expr:  Expr.EQT Expr 
	Expr:  Expr.NOTEQT Expr 
	Expr:  Expr.'%' Expr 
	Expr:  Expr.';' Expr 
	Expr:  Expr.';' 
	Expr:  Var DIVEQ Expr.    (28)
	Expr:  Expr.AND Expr 
	Expr:  Expr.OR Expr 
	Expr:  Expr.NOTEQ Expr 
	Expr:  Expr.GT Expr 
	Expr:  Expr.GTE Expr 
	Expr:  Expr.LT Expr 
	Expr:  Expr.LTE Expr 
	Expr:  Expr.ORR Expr 
	Expr:  Expr.AS Ident 
	Expr:  Expr.ADDADD 
	Expr:  Expr.SUBSUB 
	Expr:  Expr.VARIADIC 
	Expr:  Expr.'?' Expr ':' Expr 
	Expr:  Expr.NONIL 
	Expr:  Expr.'@' 
	Expr:  Expr.LAMB '{' Expr '}' 
	Expr:  Expr.IN Expr 
	Var:  Expr.ACC Ident 
	Var:  Expr.ACC ArrIndex 
	Acc:  Expr.ACC Expr 
	Primary:  Expr.'[' SliceN ':' SliceN ']' 
	ArrIndex:  Expr.'[' Expr ']' 

	ACC  shift 54
	VARIADIC  shift 48
	'+'  shift 25
	'-'  shift 26
	'*'  shift 27
	'/'  shift 28
	'%'  shift 35
	'&'  shift 30
	'|'  shift 31
	'^'  shift 29
	'@'  shift 51
	NONIL  shift 50
	'['  shift 55
	.  reduce 28 (src line 72)


state 135
	Expr:  Expr.'+' Expr 
	Expr:  Expr.'-' Expr 
	Expr:  Expr.'*' Expr 
	Expr:  Expr.'/' Expr 
	Expr:  Expr.'^' Expr 
	Expr:  Expr.'&' Expr 
	Expr:  Expr.'|' Expr 
	Expr:  Expr.EQ Expr 
	Expr:  Expr.EQT Expr 
	Expr:  Expr.NOTEQT Expr 
	Expr:  Expr.'%' Expr 
	Expr:  Expr.';' Expr 
	Expr:  Expr.';' 
	Expr:  ArrIndex '=' Expr.    (17)
	Expr:  Expr.AND Expr 
	Expr:  Expr.OR Expr 
	Expr:  Expr.NOTEQ Expr 
	Expr:  Expr.GT Expr 
	Expr:  Expr.GTE Expr 
	Expr:  Expr.LT Expr 
	Expr:  Expr.LTE Expr 
	Expr:  Expr.ORR Expr 
	Expr:  Expr.AS Ident 
	Expr:  Expr.ADDADD 
	Expr:  Expr.SUBSUB 
	Expr:  Expr.VARIADIC 
	Expr:  Expr.'?' Expr ':' Expr 
	Expr:  Expr.NONIL 
	Expr:  Expr.'@' 
	Expr:  Expr.LAMB '{' Expr '}' 
	Expr:  Expr.IN Expr 
	Var:  Expr.ACC Ident 
	Var:  Expr.ACC ArrIndex 
	Acc:  Expr.ACC Expr 
	Primary:  Expr.'[' SliceN ':' SliceN ']' 
	ArrIndex:  Expr.'[' Expr ']' 

	EQ  shift 32
	AND  shift 37
	OR  shift 38
	NOTEQ  shift 39
	GT  shift 40
	GTE  shift 41
	LT  shift 42
	LTE  shift 43
	ORR  shift 44
	ACC  shift 54
	IN  shift 53
	VARIADIC  shift 48
	'?'  shift 49
	EQT  shift 33
	NOTEQT  shift 34
	ADDADD  shift 46
	SUBSUB  shift 47
	'+'  shift 25
	'-'  shift 26
	'*'  shift 27
	'/'  shift 28
	'%'  shift 35
	'&'  shift 30
	'|'  shift 31
	'^'  shift 29
	'@'  shift 51
	NONIL  shift 50
	'['  shift 55
	.  reduce 17 (src line 61)


state 136
	Expr:  Expr.'+' Expr 
	Expr:  Expr.'-' Expr 
	Expr:  Expr.'*' Expr 
	Expr:  Expr.'/' Expr 
	Expr:  Expr.'^' Expr 
	Expr:  Expr.'&' Expr 
	Expr:  Expr.'|' Expr 
	Expr:  Expr.EQ Expr 
	Expr:  Expr.EQT Expr 
	Expr:  Expr.NOTEQT Expr 
	Expr:  Expr.'%' Expr 
	Expr:  Expr.';' Expr 
	Expr:  Expr.';' 
	Expr:  ArrIndex ADDEQ Expr.    (20)
	Expr:  Expr.AND Expr 
	Expr:  Expr.OR Expr 
	Expr:  Expr.NOTEQ Expr 
	Expr:  Expr.GT Expr 
	Expr:  Expr.GTE Expr 
	Expr:  Expr.LT Expr 
	Expr:  Expr.LTE Expr 
	Expr:  Expr.ORR Expr 
	Expr:  Expr.AS Ident 
	Expr:  Expr.ADDADD 
	Expr:  Expr.SUBSUB 
	Expr:  Expr.VARIADIC 
	Expr:  Expr.'?' Expr ':' Expr 
	Expr:  Expr.NONIL 
	Expr:  Expr.'@' 
	Expr:  Expr.LAMB '{' Expr '}' 
	Expr:  Expr.IN Expr 
	Var:  Expr.ACC Ident 
	Var:  Expr.ACC ArrIndex 
	Acc:  Expr.ACC Expr 
	Primary:  Expr.'[' SliceN ':' SliceN ']' 
	ArrIndex:  Expr.'[' Expr ']' 

	ACC  shift 54
	VARIADIC  shift 48
	'+'  shift 25
	'-'  shift 26
	'*'  shift 27
	'/'  shift 28
	'%'  shift 35
	'&'  shift 30
	'|'  shift 31
	'^'  shift 29
	'@'  shift 51
	NONIL  shift 50
	'['  shift 55
	.  reduce 20 (src line 64)


state 137
	Expr:  Expr.'+' Expr 
	Expr:  Expr.'-' Expr 
	Expr:  Expr.'*' Expr 
	Expr:  Expr.'/' Expr 
	Expr:  Expr.'^' Expr 
	Expr:  Expr.'&' Expr 
	Expr:  Expr.'|' Expr 
	Expr:  Expr.EQ Expr 
	Expr:  Expr.EQT Expr 
	Expr:  Expr.NOTEQT Expr 
	Expr:  Expr.'%' Expr 
	Expr:  Expr.';' Expr 
	Expr:  Expr.';' 
	Expr:  ArrIndex SUBEQ Expr.    (23)
	Expr:  Expr.AND Expr 
	Expr:  Expr.OR Expr 
	Expr:  Expr.NOTEQ Expr 
	Expr:  Expr.GT Expr 
	Expr:  Expr.GTE Expr 
	Expr:  Expr.LT Expr 
	Expr:  Expr.LTE Expr 
	Expr:  Expr.ORR Expr 
	Expr:  Expr.AS Ident 
	Expr:  Expr.ADDADD 
	Expr:  Expr.SUBSUB 
	Expr:  Expr.VARIADIC 
	Expr:  Expr.'?' Expr ':' Expr 
	Expr:  Expr.NONIL 
	Expr:  Expr.'@' 
	Expr:  Expr.LAMB '{' Expr '}' 
	Expr:  Expr.IN Expr 
	Var:  Expr.ACC Ident 
	Var:  Expr.ACC ArrIndex 
	Acc:  Expr.ACC Expr 
	Primary:  Expr.'[' SliceN ':' SliceN ']' 
	ArrIndex:  Expr.'[' Expr ']' 

	ACC  shift 54
	VARIADIC  shift 48
	'+'  shift 25
	'-'  shift 26
	'*'  shift 27
	'/'  shift 28
	'%'  shift 35
	'&'  shift 30
	'|'  shift 31
	'^'  shift 29
	'@'  shift 51
	NONIL  shift 50
	'['  shift 55
	.  reduce 23 (src line 67)


state 138
	Expr:  Expr.'+' Expr 
	Expr:  Expr.'-' Expr 
	Expr:  Expr.'*' Expr 
	Expr:  Expr.'/' Expr 
	Expr:  Expr.'^' Expr 
	Expr:  Expr.'&' Expr 
	Expr:  Expr.'|' Expr 
	Expr:  Expr.EQ Expr 
	Expr:  Expr.EQT Expr 
	Expr:  Expr.NOTEQT Expr 
	Expr:  Expr.'%' Expr 
	Expr:  Expr.';' Expr 
	Expr:  Expr.';' 
	Expr:  ArrIndex MULEQ Expr.    (26)
	Expr:  Expr.AND Expr 
	Expr:  Expr.OR Expr 
	Expr:  Expr.NOTEQ Expr 
	Expr:  Expr.GT Expr 
	Expr:  Expr.GTE Expr 
	Expr:  Expr.LT Expr 
	Expr:  Expr.LTE Expr 
	Expr:  Expr.ORR Expr 
	Expr:  Expr.AS Ident 
	Expr:  Expr.ADDADD 
	Expr:  Expr.SUBSUB 
	Expr:  Expr.VARIADIC 
	Expr:  Expr.'?' Expr ':' Expr 
	Expr:  Expr.NONIL 
	Expr:  Expr.'@' 
	Expr:  Expr.LAMB '{' Expr '}' 
	Expr:  Expr.IN Expr 
	Var:  Expr.ACC Ident 
	Var:  Expr.ACC ArrIndex 
	Acc:  Expr.ACC Expr 
	Primary:  Expr.'[' SliceN ':' SliceN ']' 
	ArrIndex:  Expr.'[' Expr ']' 

	ACC  shift 54
	VARIADIC  shift 48
	'+'  shift 25
	'-'  shift 26
	'*'  shift 27
	'/'  shift 28
	'%'  shift 35
	'&'  shift 30
	'|'  shift 31
	'^'  shift 29
	'@'  shift 51
	NONIL  shift 50
	'['  shift 55
	.  reduce 26 (src line 70)


state 139
	Expr:  Expr.'+' Expr 
	Expr:  Expr.'-' Expr 
	Expr:  Expr.'*' Expr 
	Expr:  Expr.'/' Expr 
	Expr:  Expr.'^' Expr 
	Expr:  Expr.'&' Expr 
	Expr:  Expr.'|' Expr 
	Expr:  Expr.EQ Expr 
	Expr:  Expr.EQT Expr 
	Expr:  Expr.NOTEQT Expr 
	Expr:  Expr.'%' Expr 
	Expr:  Expr.';' Expr 
	Expr:  Expr.';' 
	Expr:  ArrIndex DIVEQ Expr.    (29)
	Expr:  Expr.AND Expr 
	Expr:  Expr.OR Expr 
	Expr:  Expr.NOTEQ Expr 
	Expr:  Expr.GT Expr 
	Expr:  Expr.GTE Expr 
	Expr:  Expr.LT Expr 
	Expr:  Expr.LTE Expr 
	Expr:  Expr.ORR Expr 
	Expr:  Expr.AS Ident 
	Expr:  Expr.ADDADD 
	Expr:  Expr.SUBSUB 
	Expr:  Expr.VARIADIC 
	Expr:  Expr.'?' Expr ':' Expr 
	Expr:  Expr.NONIL 
	Expr:  Expr.'@' 
	Expr:  Expr.LAMB '{' Expr '}' 
	Expr:  Expr.IN Expr 
	Var:  Expr.ACC Ident 
	Var:  Expr.ACC ArrIndex 
	Acc:  Expr.ACC Expr 
	Primary:  Expr.'[' SliceN ':' SliceN ']' 
	ArrIndex:  Expr.'[' Expr ']' 

	ACC  shift 54
	VARIADIC  shift 48
	'+'  shift 25
	'-'  shift 26
	'*'  shift 27
	'/'  shift 28
	'%'  shift 35
	'&'  shift 30
	'|'  shift 31
	'^'  shift 29
	'@'  shift 51
	NONIL  shift 50
	'['  shift 55
	.  reduce 29 (src line 73)


state 140
	Expr:  '{' Ids '}'.LAMB Expr 

	LAMB  shift 165
	.  error


state 141
	Ids:  Ids ','.Ident 

	IDENT  shift 88
	.  error

	Ident  goto 166

state 142
	Primary:  '{' KvsOpt '}'.    (90)

	.  reduce 90 (src line 163)


state 143
	Kvs:  Kvs ','.Kv 
	Kvs:  Kvs ','.    (102)

	IDENT  shift 168
	STRING  shift 80
	.  reduce 102 (src line 188)

	Kv  goto 167

state 144
	Kv:  IDENT ':'.Expr 

	IDENT  shift 13
	NUMBER  shift 17
	STRING  shift 20
	BOOL  shift 19
	NIL  shift 21
	IF  shift 10
	FOR  shift 9
	CONST  shift 14
	EXIT  shift 18
	SWITCH  shift 11
	FUNCTION  shift 16
	BREAK  shift 12
	'-'  shift 7
	'!'  shift 6
	'['  shift 23
	'{'  shift 8
	'('  shift 22
	.  error

	Expr  goto 169
	Ident  goto 3
	Var  goto 4
	ArrIndex  goto 5
	Primary  goto 15
	Acc  goto 24

state 145
	Kv:  STRING ':'.Expr 

	IDENT  shift 13
	NUMBER  shift 17
	STRING  shift 20
	BOOL  shift 19
	NIL  shift 21
	IF  shift 10
	FOR  shift 9
	CONST  shift 14
	EXIT  shift 18
	SWITCH  shift 11
	FUNCTION  shift 16
	BREAK  shift 12
	'-'  shift 7
	'!'  shift 6
	'['  shift 23
	'{'  shift 8
	'('  shift 22
	.  error

	Expr  goto 170
	Ident  goto 3
	Var  goto 4
	ArrIndex  goto 5
	Primary  goto 15
	Acc  goto 24

state 146
	Expr:  FOR IDENT ','.IDENT IN Expr DO Expr END 

	IDENT  shift 171
	.  error


state 147
	Expr:  FOR IDENT IN.Expr DO Expr END 

	IDENT  shift 13
	NUMBER  shift 17
	STRING  shift 20
	BOOL  shift 19
	NIL  shift 21
	IF  shift 10
	FOR  shift 9
	CONST  shift 14
	EXIT  shift 18
	SWITCH  shift 11
	FUNCTION  shift 16
	BREAK  shift 12
	'-'  shift 7
	'!'  shift 6
	'['  shift 23
	'{'  shift 8
	'('  shift 22
	.  error

	Expr  goto 172
	Ident  goto 3
	Var  goto 4
	ArrIndex  goto 5
	Primary  goto 15
	Acc  goto 24

state 148
	Expr:  IF Expr THEN.EExpr END 
	Expr:  IF Expr THEN.EExpr ELSE EExpr END 
	Expr:  IF Expr THEN.EExpr Elseifs END 
	Expr:  IF Expr THEN.EExpr Elseifs ELSE EExpr END 
	EExpr: .    (73)

	IDENT  shift 13
	NUMBER  shift 17
	STRING  shift 20
	BOOL  shift 19
	NIL  shift 21
	IF  shift 10
	FOR  shift 9
	CONST  shift 14
	EXIT  shift 18
	SWITCH  shift 11
	FUNCTION  shift 16
	BREAK  shift 12
	'-'  shift 7
	'!'  shift 6
	'['  shift 23
	'{'  shift 8
	'('  shift 22
	.  reduce 73 (src line 133)

	Expr  goto 174
	Ident  goto 3
	Var  goto 4
	ArrIndex  goto 5
	EExpr  goto 173
	Primary  goto 15
	Acc  goto 24

state 149
	Expr:  SWITCH Expr Cases.END 
	Expr:  SWITCH Expr Cases.DEFAULT ':' EExpr END 
	Cases:  Cases.Case 

	END  shift 175
	CASE  shift 151
	DEFAULT  shift 176
	.  error

	Case  goto 177

state 150
	Cases:  Case.    (70)

	.  reduce 70 (src line 126)


state 151
	Case:  CASE.ArgList ':' EExpr 

	IDENT  shift 13
	NUMBER  shift 17
	STRING  shift 20
	BOOL  shift 19
	NIL  shift 21
	IF  shift 10
	FOR  shift 9
	CONST  shift 14
	EXIT  shift 18
	SWITCH  shift 11
	FUNCTION  shift 16
	BREAK  shift 12
	'-'  shift 7
	'!'  shift 6
	'['  shift 23
	'{'  shift 8
	'('  shift 22
	.  error

	Expr  goto 94
	Ident  goto 3
	Var  goto 4
	ArrIndex  goto 5
	Primary  goto 15
	ArgList  goto 178
	Acc  goto 24

state 152
	Expr:  Expr.'+' Expr 
	Expr:  Expr.'-' Expr 
	Expr:  Expr.'*' Expr 
	Expr:  Expr.'/' Expr 
	Expr:  Expr.'^' Expr 
	Expr:  Expr.'&' Expr 
	Expr:  Expr.'|' Expr 
	Expr:  Expr.EQ Expr 
	Expr:  Expr.EQT Expr 
	Expr:  Expr.NOTEQT Expr 
	Expr:  Expr.'%' Expr 
	Expr:  Expr.';' Expr 
	Expr:  Expr.';' 
	Expr:  Expr.AND Expr 
	Expr:  Expr.OR Expr 
	Expr:  Expr.NOTEQ Expr 
	Expr:  Expr.GT Expr 
	Expr:  Expr.GTE Expr 
	Expr:  Expr.LT Expr 
	Expr:  Expr.LTE Expr 
	Expr:  Expr.ORR Expr 
	Expr:  Expr.AS Ident 
	Expr:  Expr.ADDADD 
	Expr:  Expr.SUBSUB 
	Expr:  Expr.VARIADIC 
	Expr:  Expr.'?' Expr ':' Expr 
	Expr:  Expr.NONIL 
	Expr:  Expr.'@' 
	Expr:  Expr.LAMB '{' Expr '}' 
	Expr:  IDENT LAMB Expr.    (58)
	Expr:  Expr.IN Expr 
	Var:  Expr.ACC Ident 
	Var:  Expr.ACC ArrIndex 
	Acc:  Expr.ACC Expr 
	Primary:  Expr.'[' SliceN ':' SliceN ']' 
	ArrIndex:  Expr.'[' Expr ']' 

	EQ  shift 32
	AND  shift 37
	OR  shift 38
	NOTEQ  shift 39
	GT  shift 40
	GTE  shift 41
	LT  shift 42
	LTE  shift 43
	ORR  shift 44
	ACC  shift 54
	IN  shift 53
	VARIADIC  shift 48
	AS  shift 45
	'?'  shift 49
	EQT  shift 33
	NOTEQT  shift 34
	ADDADD  shift 46
	SUBSUB  shift 47
	'+'  shift 25
	'-'  shift 26
	'*'  shift 27
	'/'  shift 28
	'%'  shift 35
	'&'  shift 30
	'|'  shift 31
	'^'  shift 29
	'@'  shift 51
	NONIL  shift 50
	'['  shift 55
	.  reduce 58 (src line 106)


state 153
	Expr:  FUNCTION Ident '('.Idss ')' EExpr END 
	Idss: .    (77)

	IDENT  shift 88
	.  reduce 77 (src line 142)

	Ident  goto 155
	Idss  goto 179

state 154
	Expr:  FUNCTION '(' Idss.')' EExpr END 
	Idss:  Idss.',' Ident 

	','  shift 181
	')'  shift 180
	.  error


state 155
	Idss:  Ident.    (78)

	.  reduce 78 (src line 144)


state 156
	Expr:  NUMBER '~' NUMBER.    (65)

	.  reduce 65 (src line 115)


state 157
	Primary:  '(' Expr ')'.    (89)

	.  reduce 89 (src line 162)


state 158
	Primary:  '[' ArgListOpt ']'.    (91)

	.  reduce 91 (src line 164)


state 159
	ArgList:  ArgList ','.Expr 
	ArgList:  ArgList ','.    (109)

	IDENT  shift 13
	NUMBER  shift 17
	STRING  shift 20
	BOOL  shift 19
	NIL  shift 21
	IF  shift 10
	FOR  shift 9
	CONST  shift 14
	EXIT  shift 18
	SWITCH  shift 11
	FUNCTION  shift 16
	BREAK  shift 12
	'-'  shift 7
	'!'  shift 6
	'['  shift 23
	'{'  shift 8
	'('  shift 22
	.  reduce 109 (src line 203)

	Expr  goto 182
	Ident  goto 3
	Var  goto 4
	ArrIndex  goto 5
	Primary  goto 15
	Acc  goto 24

state 160
	Expr:  Expr '?' Expr ':'.Expr 

	IDENT  shift 13
	NUMBER  shift 17
	STRING  shift 20
	BOOL  shift 19
	NIL  shift 21
	IF  shift 10
	FOR  shift 9
	CONST  shift 14
	EXIT  shift 18
	SWITCH  shift 11
	FUNCTION  shift 16
	BREAK  shift 12
	'-'  shift 7
	'!'  shift 6
	'['  shift 23
	'{'  shift 8
	'('  shift 22
	.  error

	Expr  goto 183
	Ident  goto 3
	Var  goto 4
	ArrIndex  goto 5
	Primary  goto 15
	Acc  goto 24

state 161
	Expr:  Expr.'+' Expr 
	Expr:  Expr.'-' Expr 
	Expr:  Expr.'*' Expr 
	Expr:  Expr.'/' Expr 
	Expr:  Expr.'^' Expr 
	Expr:  Expr.'&' Expr 
	Expr:  Expr.'|' Expr 
	Expr:  Expr.EQ Expr 
	Expr:  Expr.EQT Expr 
	Expr:  Expr.NOTEQT Expr 
	Expr:  Expr.'%' Expr 
	Expr:  Expr.';' Expr 
	Expr:  Expr.';' 
	Expr:  Expr.AND Expr 
	Expr:  Expr.OR Expr 
	Expr:  Expr.NOTEQ Expr 
	Expr:  Expr.GT Expr 
	Expr:  Expr.GTE Expr 
	Expr:  Expr.LT Expr 
	Expr:  Expr.LTE Expr 
	Expr:  Expr.ORR Expr 
	Expr:  Expr.AS Ident 
	Expr:  Expr.ADDADD 
	Expr:  Expr.SUBSUB 
	Expr:  Expr.VARIADIC 
	Expr:  Expr.'?' Expr ':' Expr 
	Expr:  Expr.NONIL 
	Expr:  Expr.'@' 
	Expr:  Expr.LAMB '{' Expr '}' 
	Expr:  Expr LAMB '{' Expr.'}' 
	Expr:  Expr.IN Expr 
	Var:  Expr.ACC Ident 
	Var:  Expr.ACC ArrIndex 
	Acc:  Expr.ACC Expr 
	Primary:  Expr.'[' SliceN ':' SliceN ']' 
	ArrIndex:  Expr.'[' Expr ']' 

	EQ  shift 32
	AND  shift 37
	OR  shift 38
	NOTEQ  shift 39
	GT  shift 40
	GTE  shift 41
	LT  shift 42
	LTE  shift 43
	ORR  shift 44
	ACC  shift 54
	IN  shift 53
	LAMB  shift 52
	VARIADIC  shift 48
	AS  shift 45
	';'  shift 36
	'?'  shift 49
	EQT  shift 33
	NOTEQT  shift 34
	ADDADD  shift 46
	SUBSUB  shift 47
	'+'  shift 25
	'-'  shift 26
	'*'  shift 27
	'/'  shift 28
	'%'  shift 35
	'&'  shift 30
	'|'  shift 31
	'^'  shift 29
	'@'  shift 51
	NONIL  shift 50
	'['  shift 55
	'}'  shift 184
	.  error


state 162
	Primary:  Expr '[' SliceN ':'.SliceN ']' 
	SliceN: .    (95)

	IDENT  shift 13
	NUMBER  shift 17
	STRING  shift 20
	BOOL  shift 19
	NIL  shift 21
	IF  shift 10
	FOR  shift 9
	CONST  shift 14
	EXIT  shift 18
	SWITCH  shift 11
	FUNCTION  shift 16
	BREAK  shift 12
	'-'  shift 7
	'!'  shift 6
	'['  shift 23
	'{'  shift 8
	'('  shift 22
	.  reduce 95 (src line 174)

	Expr  goto 186
	Ident  goto 3
	Var  goto 4
	ArrIndex  goto 5
	Primary  goto 15
	Acc  goto 24
	SliceN  goto 185

state 163
	ArrIndex:  Expr '[' Expr ']'.    (97)

	.  reduce 97 (src line 178)


state 164
	Primary:  Ident '(' ArgListOpt ')'.    (88)

	.  reduce 88 (src line 161)


state 165
	Expr:  '{' Ids '}' LAMB.Expr 

	IDENT  shift 13
	NUMBER  shift 17
	STRING  shift 20
	BOOL  shift 19
	NIL  shift 21
	IF  shift 10
	FOR  shift 9
	CONST  shift 14
	EXIT  shift 18
	SWITCH  shift 11
	FUNCTION  shift 16
	BREAK  shift 12
	'-'  shift 7
	'!'  shift 6
	'['  shift 23
	'{'  shift 8
	'('  shift 22
	.  error

	Expr  goto 187
	Ident  goto 3
	Var  goto 4
	ArrIndex  goto 5
	Primary  goto 15
	Acc  goto 24

state 166
	Ids:  Ids ',' Ident.    (76)

	.  reduce 76 (src line 140)


state 167
	Kvs:  Kvs ',' Kv.    (101)

	.  reduce 101 (src line 187)


state 168
	Kv:  IDENT.':' Expr 

	':'  shift 144
	.  error


state 169
	Expr:  Expr.'+' Expr 
	Expr:  Expr.'-' Expr 
	Expr:  Expr.'*' Expr 
	Expr:  Expr.'/' Expr 
	Expr:  Expr.'^' Expr 
	Expr:  Expr.'&' Expr 
	Expr:  Expr.'|' Expr 
	Expr:  Expr.EQ Expr 
	Expr:  Expr.EQT Expr 
	Expr:  Expr.NOTEQT Expr 
	Expr:  Expr.'%' Expr 
	Expr:  Expr.';' Expr 
	Expr:  Expr.';' 
	Expr:  Expr.AND Expr 
	Expr:  Expr.OR Expr 
	Expr:  Expr.NOTEQ Expr 
	Expr:  Expr.GT Expr 
	Expr:  Expr.GTE Expr 
	Expr:  Expr.LT Expr 
	Expr:  Expr.LTE Expr 
	Expr:  Expr.ORR Expr 
	Expr:  Expr.AS Ident 
	Expr:  Expr.ADDADD 
	Expr:  Expr.SUBSUB 
	Expr:  Expr.VARIADIC 
	Expr:  Expr.'?' Expr ':' Expr 
	Expr:  Expr.NONIL 
	Expr:  Expr.'@' 
	Expr:  Expr.LAMB '{' Expr '}' 
	Expr:  Expr.IN Expr 
	Var:  Expr.ACC Ident 
	Var:  Expr.ACC ArrIndex 
	Acc:  Expr.ACC Expr 
	Primary:  Expr.'[' SliceN ':' SliceN ']' 
	ArrIndex:  Expr.'[' Expr ']' 
	Kv:  IDENT ':' Expr.    (104)

	EQ  shift 32
	AND  shift 37
	OR  shift 38
	NOTEQ  shift 39
	GT  shift 40
	GTE  shift 41
	LT  shift 42
	LTE  shift 43
	ORR  shift 44
	ACC  shift 54
	IN  shift 53
	LAMB  shift 52
	VARIADIC  shift 48
	AS  shift 45
	';'  shift 36
	'?'  shift 49
	EQT  shift 33
	NOTEQT  shift 34
	ADDADD  shift 46
	SUBSUB  shift 47
	'+'  shift 25
	'-'  shift 26
	'*'  shift 27
	'/'  shift 28
	'%'  shift 35
	'&'  shift 30
	'|'  shift 31
	'^'  shift 29
	'@'  shift 51
	NONIL  shift 50
	'['  shift 55
	.  reduce 104 (src line 192)


state 170
	Expr:  Expr.'+' Expr 
	Expr:  Expr.'-' Expr 
	Expr:  Expr.'*' Expr 
	Expr:  Expr.'/' Expr 
	Expr:  Expr.'^' Expr 
	Expr:  Expr.'&' Expr 
	Expr:  Expr.'|' Expr 
	Expr:  Expr.EQ Expr 
	Expr:  Expr.EQT Expr 
	Expr:  Expr.NOTEQT Expr 
	Expr:  Expr.'%' Expr 
	Expr:  Expr.';' Expr 
	Expr:  Expr.';' 
	Expr:  Expr.AND Expr 
	Expr:  Expr.OR Expr 
	Expr:  Expr.NOTEQ Expr 
	Expr:  Expr.GT Expr 
	Expr:  Expr.GTE Expr 
	Expr:  Expr.LT Expr 
	Expr:  Expr.LTE Expr 
	Expr:  Expr.ORR Expr 
	Expr:  Expr.AS Ident 
	Expr:  Expr.ADDADD 
	Expr:  Expr.SUBSUB 
	Expr:  Expr.VARIADIC 
	Expr:  Expr.'?' Expr ':' Expr 
	Expr:  Expr.NONIL 
	Expr:  Expr.'@' 
	Expr:  Expr.LAMB '{' Expr '}' 
	Expr:  Expr.IN Expr 
	Var:  Expr.ACC Ident 
	Var:  Expr.ACC ArrIndex 
	Acc:  Expr.ACC Expr 
	Primary:  Expr.'[' SliceN ':' SliceN ']' 
	ArrIndex:  Expr.'[' Expr ']' 
	Kv:  STRING ':' Expr.    (103)

	EQ  shift 32
	AND  shift 37
	OR  shift 38
	NOTEQ  shift 39
	GT  shift 40
	GTE  shift 41
	LT  shift 42
	LTE  shift 43
	ORR  shift 44
	ACC  shift 54
	IN  shift 53
	LAMB  shift 52
	VARIADIC  shift 48
	AS  shift 45
	';'  shift 36
	'?'  shift 49
	EQT  shift 33
	NOTEQT  shift 34
	ADDADD  shift 46
	SUBSUB  shift 47
	'+'  shift 25
	'-'  shift 26
	'*'  shift 27
	'/'  shift 28
	'%'  shift 35
	'&'  shift 30
	'|'  shift 31
	'^'  shift 29
	'@'  shift 51
	NONIL  shift 50
	'['  shift 55
	.  reduce 103 (src line 190)


state 171
	Expr:  FOR IDENT ',' IDENT.IN Expr DO Expr END 

	IN  shift 188
	.  error


state 172
	Expr:  Expr.'+' Expr 
	Expr:  Expr.'-' Expr 
	Expr:  Expr.'*' Expr 
	Expr:  Expr.'/' Expr 
	Expr:  Expr.'^' Expr 
	Expr:  Expr.'&' Expr 
	Expr:  Expr.'|' Expr 
	Expr:  Expr.EQ Expr 
	Expr:  Expr.EQT Expr 
	Expr:  Expr.NOTEQT Expr 
	Expr:  Expr.'%' Expr 
	Expr:  Expr.';' Expr 
	Expr:  Expr.';' 
	Expr:  Expr.AND Expr 
	Expr:  Expr.OR Expr 
	Expr:  Expr.NOTEQ Expr 
	Expr:  Expr.GT Expr 
	Expr:  Expr.GTE Expr 
	Expr:  Expr.LT Expr 
	Expr:  Expr.LTE Expr 
	Expr:  Expr.ORR Expr 
	Expr:  Expr.AS Ident 
	Expr:  Expr.ADDADD 
	Expr:  Expr.SUBSUB 
	Expr:  Expr.VARIADIC 
	Expr:  Expr.'?' Expr ':' Expr 
	Expr:  Expr.NONIL 
	Expr:  Expr.'@' 
	Expr:  Expr.LAMB '{' Expr '}' 
	Expr:  FOR IDENT IN Expr.DO Expr END 
	Expr:  Expr.IN Expr 
	Var:  Expr.ACC Ident 
	Var:  Expr.ACC ArrIndex 
	Acc:  Expr.ACC Expr 
	Primary:  Expr.'[' SliceN ':' SliceN ']' 
	ArrIndex:  Expr.'[' Expr ']' 

	EQ  shift 32
	AND  shift 37
	OR  shift 38
	NOTEQ  shift 39
	GT  shift 40
	GTE  shift 41
	LT  shift 42
	LTE  shift 43
	ORR  shift 44
	ACC  shift 54
	IN  shift 53
	LAMB  shift 52
	VARIADIC  shift 48
	AS  shift 45
	DO  shift 189
	';'  shift 36
	'?'  shift 49
	EQT  shift 33
	NOTEQT  shift 34
	ADDADD  shift 46
	SUBSUB  shift 47
	'+'  shift 25
	'-'  shift 26
	'*'  shift 27
	'/'  shift 28
	'%'  shift 35
	'&'  shift 30
	'|'  shift 31
	'^'  shift 29
	'@'  shift 51
	NONIL  shift 50
	'['  shift 55
	.  error


state 173
	Expr:  IF Expr THEN EExpr.END 
	Expr:  IF Expr THEN EExpr.ELSE EExpr END 
	Expr:  IF Expr THEN EExpr.Elseifs END 
	Expr:  IF Expr THEN EExpr.Elseifs ELSE EExpr END 

	ELSE  shift 191
	END  shift 190
	ELSEIF  shift 194
	.  error

	Elseifs  goto 192
	elseif  goto 193

state 174
	Expr:  Expr.'+' Expr 
	Expr:  Expr.'-' Expr 
	Expr:  Expr.'*' Expr 
	Expr:  Expr.'/' Expr 
	Expr:  Expr.'^' Expr 
	Expr:  Expr.'&' Expr 
	Expr:  Expr.'|' Expr 
	Expr:  Expr.EQ Expr 
	Expr:  Expr.EQT Expr 
	Expr:  Expr.NOTEQT Expr 
	Expr:  Expr.'%' Expr 
	Expr:  Expr.';' Expr 
	Expr:  Expr.';' 
	Expr:  Expr.AND Expr 
	Expr:  Expr.OR Expr 
	Expr:  Expr.NOTEQ Expr 
	Expr:  Expr.GT Expr 
	Expr:  Expr.GTE Expr 
	Expr:  Expr.LT Expr 
	Expr:  Expr.LTE Expr 
	Expr:  Expr.ORR Expr 
	Expr:  Expr.AS Ident 
	Expr:  Expr.ADDADD 
	Expr:  Expr.SUBSUB 
	Expr:  Expr.VARIADIC 
	Expr:  Expr.'?' Expr ':' Expr 
	Expr:  Expr.NONIL 
	Expr:  Expr.'@' 
	Expr:  Expr.LAMB '{' Expr '}' 
	Expr:  Expr.IN Expr 
	EExpr:  Expr.    (74)
	Var:  Expr.ACC Ident 
	Var:  Expr.ACC ArrIndex 
	Acc:  Expr.ACC Expr 
	Primary:  Expr.'[' SliceN ':' SliceN ']' 
	ArrIndex:  Expr.'[' Expr ']' 

	EQ  shift 32
	AND  shift 37
	OR  shift 38
	NOTEQ  shift 39
	GT  shift 40
	GTE  shift 41
	LT  shift 42
	LTE  shift 43
	ORR  shift 44
	ACC  shift 54
	IN  shift 53
	LAMB  shift 52
	VARIADIC  shift 48
	AS  shift 45
	';'  shift 36
	'?'  shift 49
	EQT  shift 33
	NOTEQT  shift 34
	ADDADD  shift 46
	SUBSUB  shift 47
	'+'  shift 25
	'-'  shift 26
	'*'  shift 27
	'/'  shift 28
	'%'  shift 35
	'&'  shift 30
	'|'  shift 31
	'^'  shift 29
	'@'  shift 51
	NONIL  shift 50
	'['  shift 55
	.  reduce 74 (src line 135)


state 175
	Expr:  SWITCH Expr Cases END.    (55)

	.  reduce 55 (src line 100)


state 176
	Expr:  SWITCH Expr Cases DEFAULT.':' EExpr END 

	':'  shift 195
	.  error


state 177
	Cases:  Cases Case.    (71)

	.  reduce 71 (src line 128)


state 178
	Case:  CASE ArgList.':' EExpr 
	ArgList:  ArgList.',' Expr 
	ArgList:  ArgList.',' 

	':'  shift 196
	','  shift 159
	.  error


state 179
	Expr:  FUNCTION Ident '(' Idss.')' EExpr END 
	Idss:  Idss.',' Ident 

	','  shift 181
	')'  shift 197
	.  error


state 180
	Expr:  FUNCTION '(' Idss ')'.EExpr END 
	EExpr: .    (73)

	IDENT  shift 13
	NUMBER  shift 17
	STRING  shift 20
	BOOL  shift 19
	NIL  shift 21
	IF  shift 10
	FOR  shift 9
	CONST  shift 14
	EXIT  shift 18
	SWITCH  shift 11
	FUNCTION  shift 16
	BREAK  shift 12
	'-'  shift 7
	'!'  shift 6
	'['  shift 23
	'{'  shift 8
	'('  shift 22
	.  reduce 73 (src line 133)

	Expr  goto 174
	Ident  goto 3
	Var  goto 4
	ArrIndex  goto 5
	EExpr  goto 198
	Primary  goto 15
	Acc  goto 24

state 181
	Idss:  Idss ','.Ident 

	IDENT  shift 88
	.  error

	Ident  goto 199

state 182
	Expr:  Expr.'+' Expr 
	Expr:  Expr.'-' Expr 
	Expr:  Expr.'*' Expr 
	Expr:  Expr.'/' Expr 
	Expr:  Expr.'^' Expr 
	Expr:  Expr.'&' Expr 
	Expr:  Expr.'|' Expr 
	Expr:  Expr.EQ Expr 
	Expr:  Expr.EQT Expr 
	Expr:  Expr.NOTEQT Expr 
	Expr:  Expr.'%' Expr 
	Expr:  Expr.';' Expr 
	Expr:  Expr.';' 
	Expr:  Expr.AND Expr 
	Expr:  Expr.OR Expr 
	Expr:  Expr.NOTEQ Expr 
	Expr:  Expr.GT Expr 
	Expr:  Expr.GTE Expr 
	Expr:  Expr.LT Expr 
	Expr:  Expr.LTE Expr 
	Expr:  Expr.ORR Expr 
	Expr:  Expr.AS Ident 
	Expr:  Expr.ADDADD 
	Expr:  Expr.SUBSUB 
	Expr:  Expr.VARIADIC 
	Expr:  Expr.'?' Expr ':' Expr 
	Expr:  Expr.NONIL 
	Expr:  Expr.'@' 
	Expr:  Expr.LAMB '{' Expr '}' 
	Expr:  Expr.IN Expr 
	Var:  Expr.ACC Ident 
	Var:  Expr.ACC ArrIndex 
	Acc:  Expr.ACC Expr 
	Primary:  Expr.'[' SliceN ':' SliceN ']' 
	ArrIndex:  Expr.'[' Expr ']' 
	ArgList:  ArgList ',' Expr.    (108)

	EQ  shift 32
	AND  shift 37
	OR  shift 38
	NOTEQ  shift 39
	GT  shift 40
	GTE  shift 41
	LT  shift 42
	LTE  shift 43
	ORR  shift 44
	ACC  shift 54
	IN  shift 53
	LAMB  shift 52
	VARIADIC  shift 48
	AS  shift 45
	';'  shift 36
	'?'  shift 49
	EQT  shift 33
	NOTEQT  shift 34
	ADDADD  shift 46
	SUBSUB  shift 47
	'+'  shift 25
	'-'  shift 26
	'*'  shift 27
	'/'  shift 28
	'%'  shift 35
	'&'  shift 30
	'|'  shift 31
	'^'  shift 29
	'@'  shift 51
	NONIL  shift 50
	'['  shift 55
	.  reduce 108 (src line 202)


state 183
	Expr:  Expr.'+' Expr 
	Expr:  Expr.'-' Expr 
	Expr:  Expr.'*' Expr 
	Expr:  Expr.'/' Expr 
	Expr:  Expr.'^' Expr 
	Expr:  Expr.'&' Expr 
	Expr:  Expr.'|' Expr 
	Expr:  Expr.EQ Expr 
	Expr:  Expr.EQT Expr 
	Expr:  Expr.NOTEQT Expr 
	Expr:  Expr.'%' Expr 
	Expr:  Expr.';' Expr 
	Expr:  Expr.';' 
	Expr:  Expr.AND Expr 
	Expr:  Expr.OR Expr 
	Expr:  Expr.NOTEQ Expr 
	Expr:  Expr.GT Expr 
	Expr:  Expr.GTE Expr 
	Expr:  Expr.LT Expr 
	Expr:  Expr.LTE Expr 
	Expr:  Expr.ORR Expr 
	Expr:  Expr.AS Ident 
	Expr:  Expr.ADDADD 
	Expr:  Expr.SUBSUB 
	Expr:  Expr.VARIADIC 
	Expr:  Expr.'?' Expr ':' Expr 
	Expr:  Expr '?' Expr ':' Expr.    (44)
	Expr:  Expr.NONIL 
	Expr:  Expr.'@' 
	Expr:  Expr.LAMB '{' Expr '}' 
	Expr:  Expr.IN Expr 
	Var:  Expr.ACC Ident 
	Var:  Expr.ACC ArrIndex 
	Acc:  Expr.ACC Expr 
	Primary:  Expr.'[' SliceN ':' SliceN ']' 
	ArrIndex:  Expr.'[' Expr ']' 

	EQ  shift 32
	AND  shift 37
	OR  shift 38
	NOTEQ  shift 39
	GT  shift 40
	GTE  shift 41
	LT  shift 42
	LTE  shift 43
	ORR  shift 44
	ACC  shift 54
	IN  shift 53
	VARIADIC  shift 48
	EQT  shift 33
	NOTEQT  shift 34
	ADDADD  shift 46
	SUBSUB  shift 47
	'+'  shift 25
	'-'  shift 26
	'*'  shift 27
	'/'  shift 28
	'%'  shift 35
	'&'  shift 30
	'|'  shift 31
	'^'  shift 29
	'@'  shift 51
	NONIL  shift 50
	'['  shift 55
	.  reduce 44 (src line 89)


state 184
	Expr:  Expr LAMB '{' Expr '}'.    (48)

	.  reduce 48 (src line 93)


state 185
	Primary:  Expr '[' SliceN ':' SliceN.']' 

	']'  shift 200
	.  error


state 186
	Expr:  Expr.'+' Expr 
	Expr:  Expr.'-' Expr 
	Expr:  Expr.'*' Expr 
	Expr:  Expr.'/' Expr 
	Expr:  Expr.'^' Expr 
	Expr:  Expr.'&' Expr 
	Expr:  Expr.'|' Expr 
	Expr:  Expr.EQ Expr 
	Expr:  Expr.EQT Expr 
	Expr:  Expr.NOTEQT Expr 
	Expr:  Expr.'%' Expr 
	Expr:  Expr.';' Expr 
	Expr:  Expr.';' 
	Expr:  Expr.AND Expr 
	Expr:  Expr.OR Expr 
	Expr:  Expr.NOTEQ Expr 
	Expr:  Expr.GT Expr 
	Expr:  Expr.GTE Expr 
	Expr:  Expr.LT Expr 
	Expr:  Expr.LTE Expr 
	Expr:  Expr.ORR Expr 
	Expr:  Expr.AS Ident 
	Expr:  Expr.ADDADD 
	Expr:  Expr.SUBSUB 
	Expr:  Expr.VARIADIC 
	Expr:  Expr.'?' Expr ':' Expr 
	Expr:  Expr.NONIL 
	Expr:  Expr.'@' 
	Expr:  Expr.LAMB '{' Expr '}' 
	Expr:  Expr.IN Expr 
	Var:  Expr.ACC Ident 
	Var:  Expr.ACC ArrIndex 
	Acc:  Expr.ACC Expr 
	Primary:  Expr.'[' SliceN ':' SliceN ']' 
	SliceN:  Expr.    (96)
	ArrIndex:  Expr.'[' Expr ']' 

	EQ  shift 32
	AND  shift 37
	OR  shift 38
	NOTEQ  shift 39
	GT  shift 40
	GTE  shift 41
	LT  shift 42
	LTE  shift 43
	ORR  shift 44
	ACC  shift 54
	IN  shift 53
	LAMB  shift 52
	VARIADIC  shift 48
	AS  shift 45
	';'  shift 36
	'?'  shift 49
	EQT  shift 33
	NOTEQT  shift 34
	ADDADD  shift 46
	SUBSUB  shift 47
	'+'  shift 25
	'-'  shift 26
	'*'  shift 27
	'/'  shift 28
	'%'  shift 35
	'&'  shift 30
	'|'  shift 31
	'^'  shift 29
	'@'  shift 51
	NONIL  shift 50
	'['  shift 55
	.  reduce 96 (src line 176)


state 187
	Expr:  Expr.'+' Expr 
	Expr:  Expr.'-' Expr 
	Expr:  Expr.'*' Expr 
	Expr:  Expr.'/' Expr 
	Expr:  Expr.'^' Expr 
	Expr:  Expr.'&' Expr 
	Expr:  Expr.'|' Expr 
	Expr:  Expr.EQ Expr 
	Expr:  Expr.EQT Expr 
	Expr:  Expr.NOTEQT Expr 
	Expr:  Expr.'%' Expr 
	Expr:  Expr.';' Expr 
	Expr:  Expr.';' 
	Expr:  Expr.AND Expr 
	Expr:  Expr.OR Expr 
	Expr:  Expr.NOTEQ Expr 
	Expr:  Expr.GT Expr 
	Expr:  Expr.GTE Expr 
	Expr:  Expr.LT Expr 
	Expr:  Expr.LTE Expr 
	Expr:  Expr.ORR Expr 
	Expr:  Expr.AS Ident 
	Expr:  Expr.ADDADD 
	Expr:  Expr.SUBSUB 
	Expr:  Expr.VARIADIC 
	Expr:  Expr.'?' Expr ':' Expr 
	Expr:  Expr.NONIL 
	Expr:  Expr.'@' 
	Expr:  '{' Ids '}' LAMB Expr.    (47)
	Expr:  Expr.LAMB '{' Expr '}' 
	Expr:  Expr.IN Expr 
	Var:  Expr.ACC Ident 
	Var:  Expr.ACC ArrIndex 
	Acc:  Expr.ACC Expr 
	Primary:  Expr.'[' SliceN ':' SliceN ']' 
	ArrIndex:  Expr.'[' Expr ']' 

	EQ  shift 32
	AND  shift 37
	OR  shift 38
	NOTEQ  shift 39
	GT  shift 40
	GTE  shift 41
	LT  shift 42
	LTE  shift 43
	ORR  shift 44
	ACC  shift 54
	IN  shift 53
	VARIADIC  shift 48
	AS  shift 45
	'?'  shift 49
	EQT  shift 33
	NOTEQT  shift 34
	ADDADD  shift 46
	SUBSUB  shift 47
	'+'  shift 25
	'-'  shift 26
	'*'  shift 27
	'/'  shift 28
	'%'  shift 35
	'&'  shift 30
	'|'  shift 31
	'^'  shift 29
	'@'  shift 51
	NONIL  shift 50
	'['  shift 55
	.  reduce 47 (src line 92)


state 188
	Expr:  FOR IDENT ',' IDENT IN.Expr DO Expr END 

	IDENT  shift 13
	NUMBER  shift 17
	STRING  shift 20
	BOOL  shift 19
	NIL  shift 21
	IF  shift 10
	FOR  shift 9
	CONST  shift 14
	EXIT  shift 18
	SWITCH  shift 11
	FUNCTION  shift 16
	BREAK  shift 12
	'-'  shift 7
	'!'  shift 6
	'['  shift 23
	'{'  shift 8
	'('  shift 22
	.  error

	Expr  goto 201
	Ident  goto 3
	Var  goto 4
	ArrIndex  goto 5
	Primary  goto 15
	Acc  goto 24

state 189
	Expr:  FOR IDENT IN Expr DO.Expr END 

	IDENT  shift 13
	NUMBER  shift 17
	STRING  shift 20
	BOOL  shift 19
	NIL  shift 21
	IF  shift 10
	FOR  shift 9
	CONST  shift 14
	EXIT  shift 18
	SWITCH  shift 11
	FUNCTION  shift 16
	BREAK  shift 12
	'-'  shift 7
	'!'  shift 6
	'['  shift 23
	'{'  shift 8
	'('  shift 22
	.  error

	Expr  goto 202
	Ident  goto 3
	Var  goto 4
	ArrIndex  goto 5
	Primary  goto 15
	Acc  goto 24

state 190
	Expr:  IF Expr THEN EExpr END.    (51)

	.  reduce 51 (src line 96)


state 191
	Expr:  IF Expr THEN EExpr ELSE.EExpr END 
	EExpr: .    (73)

	IDENT  shift 13
	NUMBER  shift 17
	STRING  shift 20
	BOOL  shift 19
	NIL  shift 21
	IF  shift 10
	FOR  shift 9
	CONST  shift 14
	EXIT  shift 18
	SWITCH  shift 11
	FUNCTION  shift 16
	BREAK  shift 12
	'-'  shift 7
	'!'  shift 6
	'['  shift 23
	'{'  shift 8
	'('  shift 22
	.  reduce 73 (src line 133)

	Expr  goto 174
	Ident  goto 3
	Var  goto 4
	ArrIndex  goto 5
	EExpr  goto 203
	Primary  goto 15
	Acc  goto 24

state 192
	Expr:  IF Expr THEN EExpr Elseifs.END 
	Expr:  IF Expr THEN EExpr Elseifs.ELSE EExpr END 
	Elseifs:  Elseifs.elseif 

	ELSE  shift 205
	END  shift 204
	ELSEIF  shift 194
	.  error

	elseif  goto 206

state 193
	Elseifs:  elseif.    (67)

	.  reduce 67 (src line 119)


state 194
	elseif:  ELSEIF.Expr THEN EExpr 

	IDENT  shift 13
	NUMBER  shift 17
	STRING  shift 20
	BOOL  shift 19
	NIL  shift 21
	IF  shift 10
	FOR  shift 9
	CONST  shift 14
	EXIT  shift 18
	SWITCH  shift 11
	FUNCTION  shift 16
	BREAK  shift 12
	'-'  shift 7
	'!'  shift 6
	'['  shift 23
	'{'  shift 8
	'('  shift 22
	.  error

	Expr  goto 207
	Ident  goto 3
	Var  goto 4
	ArrIndex  goto 5
	Primary  goto 15
	Acc  goto 24

state 195
	Expr:  SWITCH Expr Cases DEFAULT ':'.EExpr END 
	EExpr: .    (73)

	IDENT  shift 13
	NUMBER  shift 17
	STRING  shift 20
	BOOL  shift 19
	NIL  shift 21
	IF  shift 10
	FOR  shift 9
	CONST  shift 14
	EXIT  shift 18
	SWITCH  shift 11
	FUNCTION  shift 16
	BREAK  shift 12
	'-'  shift 7
	'!'  shift 6
	'['  shift 23
	'{'  shift 8
	'('  shift 22
	.  reduce 73 (src line 133)

	Expr  goto 174
	Ident  goto 3
	Var  goto 4
	ArrIndex  goto 5
	EExpr  goto 208
	Primary  goto 15
	Acc  goto 24

state 196
	Case:  CASE ArgList ':'.EExpr 
	EExpr: .    (73)

	IDENT  shift 13
	NUMBER  shift 17
	STRING  shift 20
	BOOL  shift 19
	NIL  shift 21
	IF  shift 10
	FOR  shift 9
	CONST  shift 14
	EXIT  shift 18
	SWITCH  shift 11
	FUNCTION  shift 16
	BREAK  shift 12
	'-'  shift 7
	'!'  shift 6
	'['  shift 23
	'{'  shift 8
	'('  shift 22
	.  reduce 73 (src line 133)

	Expr  goto 174
	Ident  goto 3
	Var  goto 4
	ArrIndex  goto 5
	EExpr  goto 209
	Primary  goto 15
	Acc  goto 24

state 197
	Expr:  FUNCTION Ident '(' Idss ')'.EExpr END 
	EExpr: .    (73)

	IDENT  shift 13
	NUMBER  shift 17
	STRING  shift 20
	BOOL  shift 19
	NIL  shift 21
	IF  shift 10
	FOR  shift 9
	CONST  shift 14
	EXIT  shift 18
	SWITCH  shift 11
	FUNCTION  shift 16
	BREAK  shift 12
	'-'  shift 7
	'!'  shift 6
	'['  shift 23
	'{'  shift 8
	'('  shift 22
	.  reduce 73 (src line 133)

	Expr  goto 174
	Ident  goto 3
	Var  goto 4
	ArrIndex  goto 5
	EExpr  goto 210
	Primary  goto 15
	Acc  goto 24

state 198
	Expr:  FUNCTION '(' Idss ')' EExpr.END 

	END  shift 211
	.  error


state 199
	Idss:  Idss ',' Ident.    (79)

	.  reduce 79 (src line 145)


state 200
	Primary:  Expr '[' SliceN ':' SliceN ']'.    (94)

	.  reduce 94 (src line 167)


state 201
	Expr:  Expr.'+' Expr 
	Expr:  Expr.'-' Expr 
	Expr:  Expr.'*' Expr 
	Expr:  Expr.'/' Expr 
	Expr:  Expr.'^' Expr 
	Expr:  Expr.'&' Expr 
	Expr:  Expr.'|' Expr 
	Expr:  Expr.EQ Expr 
	Expr:  Expr.EQT Expr 
	Expr:  Expr.NOTEQT Expr 
	Expr:  Expr.'%' Expr 
	Expr:  Expr.';' Expr 
	Expr:  Expr.';' 
	Expr:  Expr.AND Expr 
	Expr:  Expr.OR Expr 
	Expr:  Expr.NOTEQ Expr 
	Expr:  Expr.GT Expr 
	Expr:  Expr.GTE Expr 
	Expr:  Expr.LT Expr 
	Expr:  Expr.LTE Expr 
	Expr:  Expr.ORR Expr 
	Expr:  Expr.AS Ident 
	Expr:  Expr.ADDADD 
	Expr:  Expr.SUBSUB 
	Expr:  Expr.VARIADIC 
	Expr:  Expr.'?' Expr ':' Expr 
	Expr:  Expr.NONIL 
	Expr:  Expr.'@' 
	Expr:  Expr.LAMB '{' Expr '}' 
	Expr:  FOR IDENT ',' IDENT IN Expr.DO Expr END 
	Expr:  Expr.IN Expr 
	Var:  Expr.ACC Ident 
	Var:  Expr.ACC ArrIndex 
	Acc:  Expr.ACC Expr 
	Primary:  Expr.'[' SliceN ':' SliceN ']' 
	ArrIndex:  Expr.'[' Expr ']' 

	EQ  shift 32
	AND  shift 37
	OR  shift 38
	NOTEQ  shift 39
	GT  shift 40
	GTE  shift 41
	LT  shift 42
	LTE  shift 43
	ORR  shift 44
	ACC  shift 54
	IN  shift 53
	LAMB  shift 52
	VARIADIC  shift 48
	AS  shift 45
	DO  shift 212
	';'  shift 36
	'?'  shift 49
	EQT  shift 33
	NOTEQT  shift 34
	ADDADD  shift 46
	SUBSUB  shift 47
	'+'  shift 25
	'-'  shift 26
	'*'  shift 27
	'/'  shift 28
	'%'  shift 35
	'&'  shift 30
	'|'  shift 31
	'^'  shift 29
	'@'  shift 51
	NONIL  shift 50
	'['  shift 55
	.  error


state 202
	Expr:  Expr.'+' Expr 
	Expr:  Expr.'-' Expr 
	Expr:  Expr.'*' Expr 
	Expr:  Expr.'/' Expr 
	Expr:  Expr.'^' Expr 
	Expr:  Expr.'&' Expr 
	Expr:  Expr.'|' Expr 
	Expr:  Expr.EQ Expr 
	Expr:  Expr.EQT Expr 
	Expr:  Expr.NOTEQT Expr 
	Expr:  Expr.'%' Expr 
	Expr:  Expr.';' Expr 
	Expr:  Expr.';' 
	Expr:  Expr.AND Expr 
	Expr:  Expr.OR Expr 
	Expr:  Expr.NOTEQ Expr 
	Expr:  Expr.GT Expr 
	Expr:  Expr.GTE Expr 
	Expr:  Expr.LT Expr 
	Expr:  Expr.LTE Expr 
	Expr:  Expr.ORR Expr 
	Expr:  Expr.AS Ident 
	Expr:  Expr.ADDADD 
	Expr:  Expr.SUBSUB 
	Expr:  Expr.VARIADIC 
	Expr:  Expr.'?' Expr ':' Expr 
	Expr:  Expr.NONIL 
	Expr:  Expr.'@' 
	Expr:  Expr.LAMB '{' Expr '}' 
	Expr:  FOR IDENT IN Expr DO Expr.END 
	Expr:  Expr.IN Expr 
	Var:  Expr.ACC Ident 
	Var:  Expr.ACC ArrIndex 
	Acc:  Expr.ACC Expr 
	Primary:  Expr.'[' SliceN ':' SliceN ']' 
	ArrIndex:  Expr.'[' Expr ']' 

	EQ  shift 32
	AND  shift 37
	OR  shift 38
	NOTEQ  shift 39
	GT  shift 40
	GTE  shift 41
	LT  shift 42
	LTE  shift 43
	ORR  shift 44
	ACC  shift 54
	IN  shift 53
	LAMB  shift 52
	VARIADIC  shift 48
	AS  shift 45
	END  shift 213
	';'  shift 36
	'?'  shift 49
	EQT  shift 33
	NOTEQT  shift 34
	ADDADD  shift 46
	SUBSUB  shift 47
	'+'  shift 25
	'-'  shift 26
	'*'  shift 27
	'/'  shift 28
	'%'  shift 35
	'&'  shift 30
	'|'  shift 31
	'^'  shift 29
	'@'  shift 51
	NONIL  shift 50
	'['  shift 55
	.  error


state 203
	Expr:  IF Expr THEN EExpr ELSE EExpr.END 

	END  shift 214
	.  error


state 204
	Expr:  IF Expr THEN EExpr Elseifs END.    (53)

	.  reduce 53 (src line 98)


state 205
	Expr:  IF Expr THEN EExpr Elseifs ELSE.EExpr END 
	EExpr: .    (73)

	IDENT  shift 13
	NUMBER  shift 17
	STRING  shift 20
	BOOL  shift 19
	NIL  shift 21
	IF  shift 10
	FOR  shift 9
	CONST  shift 14
	EXIT  shift 18
	SWITCH  shift 11
	FUNCTION  shift 16
	BREAK  shift 12
	'-'  shift 7
	'!'  shift 6
	'['  shift 23
	'{'  shift 8
	'('  shift 22
	.  reduce 73 (src line 133)

	Expr  goto 174
	Ident  goto 3
	Var  goto 4
	ArrIndex  goto 5
	EExpr  goto 215
	Primary  goto 15
	Acc  goto 24

state 206
	Elseifs:  Elseifs elseif.    (68)

	.  reduce 68 (src line 121)


state 207
	Expr:  Expr.'+' Expr 
	Expr:  Expr.'-' Expr 
	Expr:  Expr.'*' Expr 
	Expr:  Expr.'/' Expr 
	Expr:  Expr.'^' Expr 
	Expr:  Expr.'&' Expr 
	Expr:  Expr.'|' Expr 
	Expr:  Expr.EQ Expr 
	Expr:  Expr.EQT Expr 
	Expr:  Expr.NOTEQT Expr 
	Expr:  Expr.'%' Expr 
	Expr:  Expr.';' Expr 
	Expr:  Expr.';' 
	Expr:  Expr.AND Expr 
	Expr:  Expr.OR Expr 
	Expr:  Expr.NOTEQ Expr 
	Expr:  Expr.GT Expr 
	Expr:  Expr.GTE Expr 
	Expr:  Expr.LT Expr 
	Expr:  Expr.LTE Expr 
	Expr:  Expr.ORR Expr 
	Expr:  Expr.AS Ident 
	Expr:  Expr.ADDADD 
	Expr:  Expr.SUBSUB 
	Expr:  Expr.VARIADIC 
	Expr:  Expr.'?' Expr ':' Expr 
	Expr:  Expr.NONIL 
	Expr:  Expr.'@' 
	Expr:  Expr.LAMB '{' Expr '}' 
	Expr:  Expr.IN Expr 
	elseif:  ELSEIF Expr.THEN EExpr 
	Var:  Expr.ACC Ident 
	Var:  Expr.ACC ArrIndex 
	Acc:  Expr.ACC Expr 
	Primary:  Expr.'[' SliceN ':' SliceN ']' 
	ArrIndex:  Expr.'[' Expr ']' 

	EQ  shift 32
	AND  shift 37
	OR  shift 38
	NOTEQ  shift 39
	GT  shift 40
	GTE  shift 41
	LT  shift 42
	LTE  shift 43
	ORR  shift 44
	ACC  shift 54
	IN  shift 53
	LAMB  shift 52
	VARIADIC  shift 48
	AS  shift 45
	THEN  shift 216
	';'  shift 36
	'?'  shift 49
	EQT  shift 33
	NOTEQT  shift 34
	ADDADD  shift 46
	SUBSUB  shift 47
	'+'  shift 25
	'-'  shift 26
	'*'  shift 27
	'/'  shift 28
	'%'  shift 35
	'&'  shift 30
	'|'  shift 31
	'^'  shift 29
	'@'  shift 51
	NONIL  shift 50
	'['  shift 55
	.  error


state 208
	Expr:  SWITCH Expr Cases DEFAULT ':' EExpr.END 

	END  shift 217
	.  error


state 209
	Case:  CASE ArgList ':' EExpr.    (72)

	.  reduce 72 (src line 129)


state 210
	Expr:  FUNCTION Ident '(' Idss ')' EExpr.END 

	END  shift 218
	.  error


state 211
	Expr:  FUNCTION '(' Idss ')' EExpr END.    (64)

	.  reduce 64 (src line 114)


state 212
	Expr:  FOR IDENT ',' IDENT IN Expr DO.Expr END 

	IDENT  shift 13
	NUMBER  shift 17
	STRING  shift 20
	BOOL  shift 19
	NIL  shift 21
	IF  shift 10
	FOR  shift 9
	CONST  shift 14
	EXIT  shift 18
	SWITCH  shift 11
	FUNCTION  shift 16
	BREAK  shift 12
	'-'  shift 7
	'!'  shift 6
	'['  shift 23
	'{'  shift 8
	'('  shift 22
	.  error

	Expr  goto 219
	Ident  goto 3
	Var  goto 4
	ArrIndex  goto 5
	Primary  goto 15
	Acc  goto 24

state 213
	Expr:  FOR IDENT IN Expr DO Expr END.    (50)

	.  reduce 50 (src line 95)


state 214
	Expr:  IF Expr THEN EExpr ELSE EExpr END.    (52)

	.  reduce 52 (src line 97)


state 215
	Expr:  IF Expr THEN EExpr Elseifs ELSE EExpr.END 

	END  shift 220
	.  error


state 216
	elseif:  ELSEIF Expr THEN.EExpr 
	EExpr: .    (73)

	IDENT  shift 13
	NUMBER  shift 17
	STRING  shift 20
	BOOL  shift 19
	NIL  shift 21
	IF  shift 10
	FOR  shift 9
	CONST  shift 14
	EXIT  shift 18
	SWITCH  shift 11
	FUNCTION  shift 16
	BREAK  shift 12
	'-'  shift 7
	'!'  shift 6
	'['  shift 23
	'{'  shift 8
	'('  shift 22
	.  reduce 73 (src line 133)

	Expr  goto 174
	Ident  goto 3
	Var  goto 4
	ArrIndex  goto 5
	EExpr  goto 221
	Primary  goto 15
	Acc  goto 24

state 217
	Expr:  SWITCH Expr Cases DEFAULT ':' EExpr END.    (56)

	.  reduce 56 (src line 101)


state 218
	Expr:  FUNCTION Ident '(' Idss ')' EExpr END.    (63)

	.  reduce 63 (src line 113)


state 219
	Expr:  Expr.'+' Expr 
	Expr:  Expr.'-' Expr 
	Expr:  Expr.'*' Expr 
	Expr:  Expr.'/' Expr 
	Expr:  Expr.'^' Expr 
	Expr:  Expr.'&' Expr 
	Expr:  Expr.'|' Expr 
	Expr:  Expr.EQ Expr 
	Expr:  Expr.EQT Expr 
	Expr:  Expr.NOTEQT Expr 
	Expr:  Expr.'%' Expr 
	Expr:  Expr.';' Expr 
	Expr:  Expr.';' 
	Expr:  Expr.AND Expr 
	Expr:  Expr.OR Expr 
	Expr:  Expr.NOTEQ Expr 
	Expr:  Expr.GT Expr 
	Expr:  Expr.GTE Expr 
	Expr:  Expr.LT Expr 
	Expr:  Expr.LTE Expr 
	Expr:  Expr.ORR Expr 
	Expr:  Expr.AS Ident 
	Expr:  Expr.ADDADD 
	Expr:  Expr.SUBSUB 
	Expr:  Expr.VARIADIC 
	Expr:  Expr.'?' Expr ':' Expr 
	Expr:  Expr.NONIL 
	Expr:  Expr.'@' 
	Expr:  Expr.LAMB '{' Expr '}' 
	Expr:  FOR IDENT ',' IDENT IN Expr DO Expr.END 
	Expr:  Expr.IN Expr 
	Var:  Expr.ACC Ident 
	Var:  Expr.ACC ArrIndex 
	Acc:  Expr.ACC Expr 
	Primary:  Expr.'[' SliceN ':' SliceN ']' 
	ArrIndex:  Expr.'[' Expr ']' 

	EQ  shift 32
	AND  shift 37
	OR  shift 38
	NOTEQ  shift 39
	GT  shift 40
	GTE  shift 41
	LT  shift 42
	LTE  shift 43
	ORR  shift 44
	ACC  shift 54
	IN  shift 53
	LAMB  shift 52
	VARIADIC  shift 48
	AS  shift 45
	END  shift 222
	';'  shift 36
	'?'  shift 49
	EQT  shift 33
	NOTEQT  shift 34
	ADDADD  shift 46
	SUBSUB  shift 47
	'+'  shift 25
	'-'  shift 26
	'*'  shift 27
	'/'  shift 28
	'%'  shift 35
	'&'  shift 30
	'|'  shift 31
	'^'  shift 29
	'@'  shift 51
	NONIL  shift 50
	'['  shift 55
	.  error


state 220
	Expr:  IF Expr THEN EExpr Elseifs ELSE EExpr END.    (54)

	.  reduce 54 (src line 99)


state 221
	elseif:  ELSEIF Expr THEN EExpr.    (69)

	.  reduce 69 (src line 123)


state 222
	Expr:  FOR IDENT ',' IDENT IN Expr DO Expr END.    (49)

	.  reduce 49 (src line 94)


70 terminals, 21 nonterminals
110 grammar rules, 223/16000 states
0 shift/reduce, 0 reduce/reduce conflicts reported
120 working sets used
memory: parser 659/240000
258 extra closures
2520 shift entries, 11 exceptions
106 goto entries
356 entries saved by goto default
Optimizer space used: output 1243/240000
1243 table entries, 442 zero
maximum spread: 70, maximum offset: 216
